-- MySQL version converted from LibPro_Database.sql for Aiven MySQL.
-- Import this into the target Aiven database, usually `defaultdb` unless you created another database.

SET NAMES utf8mb4;
SET FOREIGN_KEY_CHECKS = 0;

CREATE TABLE IF NOT EXISTS `__EFMigrationsHistory` (
  `MigrationId` varchar(150) NOT NULL,
  `ProductVersion` varchar(32) NOT NULL,
  PRIMARY KEY (`MigrationId`)
) ENGINE=InnoDB DEFAULT CHARSET=utf8mb4 COLLATE=utf8mb4_unicode_ci;

CREATE TABLE IF NOT EXISTS `Accounts` (
  `Id` char(36) NOT NULL,
  `Username` varchar(100) NOT NULL,
  `PasswordHash` longtext NOT NULL,
  `Email` varchar(255) NOT NULL,
  `Role` longtext NOT NULL,
  `IsDeleted` tinyint(1) NOT NULL,
  PRIMARY KEY (`Id`)
) ENGINE=InnoDB DEFAULT CHARSET=utf8mb4 COLLATE=utf8mb4_unicode_ci;

CREATE TABLE IF NOT EXISTS `AuditLogs` (
  `Id` char(36) NOT NULL,
  `UserId` char(36) NULL,
  `UserName` varchar(100) NOT NULL,
  `Action` varchar(50) NOT NULL,
  `EntityName` varchar(100) NOT NULL,
  `EntityId` varchar(100) NOT NULL,
  `OldValues` longtext NOT NULL,
  `NewValues` longtext NOT NULL,
  `Timestamp` datetime(6) NOT NULL,
  PRIMARY KEY (`Id`)
) ENGINE=InnoDB DEFAULT CHARSET=utf8mb4 COLLATE=utf8mb4_unicode_ci;

CREATE TABLE IF NOT EXISTS `BookItems` (
  `Id` char(36) NOT NULL,
  `Barcode` varchar(100) NOT NULL,
  `ShelfLocation` varchar(255) NULL,
  `Status` varchar(50) NOT NULL,
  `BookId` char(36) NOT NULL,
  `IsDeleted` tinyint(1) NOT NULL,
  PRIMARY KEY (`Id`)
) ENGINE=InnoDB DEFAULT CHARSET=utf8mb4 COLLATE=utf8mb4_unicode_ci;

CREATE TABLE IF NOT EXISTS `Books` (
  `Id` char(36) NOT NULL,
  `Title` varchar(500) NOT NULL,
  `ISBN` varchar(13) NOT NULL,
  `CoverImageUrl` varchar(1000) NULL,
  `Description` longtext NULL,
  `Author` longtext NULL,
  `IsDigital` tinyint(1) NOT NULL,
  `DigitalFilePath` varchar(1000) NULL,
  `LicenseExpiryDate` datetime(6) NULL,
  `PublisherId` char(36) NULL,
  `SupplierId` char(36) NULL,
  `CategoryId` char(36) NOT NULL,
  `Status` longtext NOT NULL,
  `IsDeleted` tinyint(1) NOT NULL,
  PRIMARY KEY (`Id`)
) ENGINE=InnoDB DEFAULT CHARSET=utf8mb4 COLLATE=utf8mb4_unicode_ci;

CREATE TABLE IF NOT EXISTS `Categories` (
  `Id` char(36) NOT NULL,
  `Name` varchar(255) NOT NULL,
  `Description` varchar(1000) NULL,
  `ParentCategoryId` char(36) NULL,
  PRIMARY KEY (`Id`)
) ENGINE=InnoDB DEFAULT CHARSET=utf8mb4 COLLATE=utf8mb4_unicode_ci;

CREATE TABLE IF NOT EXISTS `FinePayments` (
  `Id` char(36) NOT NULL,
  `LoanDetailId` char(36) NOT NULL,
  `PaidAmount` decimal(18,2) NOT NULL,
  `PaidCurrency` varchar(10) NOT NULL,
  `PaymentDate` datetime(6) NOT NULL,
  `PaymentMethod` varchar(100) NULL,
  `IsPaid` tinyint(1) NOT NULL,
  PRIMARY KEY (`Id`)
) ENGINE=InnoDB DEFAULT CHARSET=utf8mb4 COLLATE=utf8mb4_unicode_ci;

CREATE TABLE IF NOT EXISTS `LoanDetails` (
  `Id` char(36) NOT NULL,
  `LoanId` char(36) NOT NULL,
  `BookItemId` char(36) NOT NULL,
  `DueDate` datetime(6) NOT NULL,
  `ReturnDate` datetime(6) NULL,
  `Status` varchar(50) NOT NULL,
  `RenewalCount` int NOT NULL,
  `AccessToken` varchar(2000) NULL,
  `FineAmount` decimal(18,2) NOT NULL,
  `FineCurrency` varchar(10) NOT NULL,
  PRIMARY KEY (`Id`)
) ENGINE=InnoDB DEFAULT CHARSET=utf8mb4 COLLATE=utf8mb4_unicode_ci;

CREATE TABLE IF NOT EXISTS `Loans` (
  `Id` char(36) NOT NULL,
  `LoanDate` datetime(6) NOT NULL,
  `ReaderId` char(36) NOT NULL,
  `IssuedByStaffId` char(36) NOT NULL,
  PRIMARY KEY (`Id`)
) ENGINE=InnoDB DEFAULT CHARSET=utf8mb4 COLLATE=utf8mb4_unicode_ci;

CREATE TABLE IF NOT EXISTS `Publishers` (
  `Id` char(36) NOT NULL,
  `Name` varchar(255) NOT NULL,
  `Email` varchar(150) NULL,
  `PhoneNumber` varchar(20) NULL,
  `OfficeAddress` varchar(500) NULL,
  PRIMARY KEY (`Id`)
) ENGINE=InnoDB DEFAULT CHARSET=utf8mb4 COLLATE=utf8mb4_unicode_ci;

CREATE TABLE IF NOT EXISTS `Readers` (
  `Id` char(36) NOT NULL,
  `LibraryCardNumber` varchar(50) NOT NULL,
  `FullName` varchar(200) NOT NULL,
  `Gender` int NOT NULL,
  `DateOfBirth` date NOT NULL,
  `Street` varchar(200) NOT NULL,
  `Address_Ward` varchar(100) NOT NULL,
  `District` varchar(100) NOT NULL,
  `City` varchar(100) NOT NULL,
  `PhoneNumber` longtext NOT NULL,
  `RegistrationDate` datetime(6) NOT NULL,
  `ExpiryDate` datetime(6) NOT NULL,
  `AccountId` char(36) NOT NULL,
  `IsDeleted` tinyint(1) NOT NULL,
  `Type` varchar(50) NOT NULL,
  PRIMARY KEY (`Id`)
) ENGINE=InnoDB DEFAULT CHARSET=utf8mb4 COLLATE=utf8mb4_unicode_ci;

CREATE TABLE IF NOT EXISTS `Reservations` (
  `Id` char(36) NOT NULL,
  `ReservedDate` datetime(6) NOT NULL,
  `ReadyDate` datetime(6) NULL,
  `ExpiryDate` datetime(6) NULL,
  `Status` varchar(50) NOT NULL,
  `ReaderId` char(36) NOT NULL,
  `BookItemId` char(36) NOT NULL,
  PRIMARY KEY (`Id`)
) ENGINE=InnoDB DEFAULT CHARSET=utf8mb4 COLLATE=utf8mb4_unicode_ci;

CREATE TABLE IF NOT EXISTS `Staffs` (
  `Id` char(36) NOT NULL,
  `StaffCode` varchar(50) NOT NULL,
  `FullName` varchar(200) NOT NULL,
  `Gender` int NOT NULL,
  `DateOfBirth` date NOT NULL,
  `Street` varchar(200) NOT NULL,
  `Address_Ward` varchar(100) NOT NULL,
  `District` varchar(100) NOT NULL,
  `City` varchar(100) NOT NULL,
  `PhoneNumber` longtext NOT NULL,
  `AccountId` char(36) NOT NULL,
  `IsDeleted` tinyint(1) NOT NULL,
  PRIMARY KEY (`Id`)
) ENGINE=InnoDB DEFAULT CHARSET=utf8mb4 COLLATE=utf8mb4_unicode_ci;

CREATE TABLE IF NOT EXISTS `Suppliers` (
  `Id` char(36) NOT NULL,
  `Name` varchar(255) NOT NULL,
  `TaxCode` varchar(50) NULL,
  `ContactPerson` longtext NULL,
  `Email` longtext NULL,
  `PhoneNumber` longtext NULL,
  `OfficeAddress` longtext NULL,
  PRIMARY KEY (`Id`)
) ENGINE=InnoDB DEFAULT CHARSET=utf8mb4 COLLATE=utf8mb4_unicode_ci;

-- Data
INSERT INTO `__EFMigrationsHistory` (`MigrationId`, `ProductVersion`) VALUES ('20260503034530_InitialLibPro', '10.0.7');
INSERT INTO `Accounts` (`Id`, `Username`, `PasswordHash`, `Email`, `Role`, `IsDeleted`) VALUES ('b4c1a8b2-2d1e-4b7e-9f8d-123456789abc', 'SYS_LIB', '$2a$11$Gwc6abFf7cUCv2HXpUKFKOpac/G16qNusX1E17cGt.ETVqCizRKoy', 'system@library.com', 'Librarian', 0);
INSERT INTO `Accounts` (`Id`, `Username`, `PasswordHash`, `Email`, `Role`, `IsDeleted`) VALUES ('3d840496-dd25-4874-8e2d-6a0b7ff30fbc', 'librarian02', '$2a$11$1kvYK11fQeWL7gK/Fm5M8etU6zjKo5hpneCeCOvCxE8x9cPYUFlYi', 'lib02@gmail.com', 'Librarian', 0);
INSERT INTO `Accounts` (`Id`, `Username`, `PasswordHash`, `Email`, `Role`, `IsDeleted`) VALUES ('a12838ee-015f-4fc5-8a26-8019eb265859', 'dat', '$2a$11$D5yyxv/FFThyPtJomoUyoeBjDYzYf09W2SXh3de38SGIeYXfFJMSS', 'rd2@library.com', 'Reader', 0);
INSERT INTO `Accounts` (`Id`, `Username`, `PasswordHash`, `Email`, `Role`, `IsDeleted`) VALUES ('fee1ee89-7d01-4702-b3e6-b3359b89bbbb', 'admin', '$2a$11$Gwc6abFf7cUCv2HXpUKFKOpac/G16qNusX1E17cGt.ETVqCizRKoy', 'director@library.com', 'Director', 0);
INSERT INTO `Accounts` (`Id`, `Username`, `PasswordHash`, `Email`, `Role`, `IsDeleted`) VALUES ('d89ae8d4-0dd1-493a-9657-ba367f9fb188', 'librarian01', '$2a$11$avnqHAHEbTENN.4E3IR8Iezuarr5EwpOY02Khxk1LqvVz5Uwh6rta', 'lib01@library.com', 'Librarian', 1);
INSERT INTO `Accounts` (`Id`, `Username`, `PasswordHash`, `Email`, `Role`, `IsDeleted`) VALUES ('9388b1f3-aed2-48c4-9781-d2559b3f59e0', 'quan', '$2a$11$N4RNCR7sIcw4Q7srZqK/M.uyiSGqy42zK1IqkS9sG0Sq/TVXYdne6', 'quan@library.com', 'Reader', 0);
INSERT INTO `Accounts` (`Id`, `Username`, `PasswordHash`, `Email`, `Role`, `IsDeleted`) VALUES ('e8f29438-566d-4ce9-ab55-db1bb36102bf', 'khanh', '$2a$11$ud7CtoTdgx3AZ8UuuGWI1.afbqpkHQMty6vppaWXeOXN6Ckhs81Jq', 'khanh@library.com', 'Reader', 1);
INSERT INTO `Accounts` (`Id`, `Username`, `PasswordHash`, `Email`, `Role`, `IsDeleted`) VALUES ('fcb068c4-a760-4513-b3a2-fe6e5b9893a2', 'phat', '$2a$11$Pc5kt6mmsDJ4TG7f//vzTOwlb8Nl38vB94Esqh7bE8GwjvgieMXPK', 'tranhoangphat23112005@gmail.com', 'Reader', 0);
INSERT INTO `AuditLogs` (`Id`, `UserId`, `UserName`, `Action`, `EntityName`, `EntityId`, `OldValues`, `NewValues`, `Timestamp`) VALUES ('9826853a-4bc7-4f79-9e8b-005f3bf39c80', 'fcb068c4-a760-4513-b3a2-fe6e5b9893a2', 'phat', 'Cancel Reservation', 'Reservation', 'ReservationSystem', '', 'Reservation acb6cfe7-960b-4d7b-83b1-f45846fd1ba8 was canceled', '2026-05-13 01:15:43.122033');
INSERT INTO `AuditLogs` (`Id`, `UserId`, `UserName`, `Action`, `EntityName`, `EntityId`, `OldValues`, `NewValues`, `Timestamp`) VALUES ('55404f10-ea3d-4ac1-909c-037a08d0d485', 'fcb068c4-a760-4513-b3a2-fe6e5b9893a2', 'System/Reader', 'Create Online Loan', 'Loans', '85b468ca-b5d2-4b15-bf81-4ad101fa28a7', '', 'Reader fcb068c4-a760-4513-b3a2-fe6e5b9893a2 created an online loan for 1 items at 5/5/2026 1:14:30 AM', '2026-05-05 01:14:30.168964');
INSERT INTO `AuditLogs` (`Id`, `UserId`, `UserName`, `Action`, `EntityName`, `EntityId`, `OldValues`, `NewValues`, `Timestamp`) VALUES ('51ad365b-9728-4314-95f7-04c344b6f74b', 'd89ae8d4-0dd1-493a-9657-ba367f9fb188', 'librarian01', 'Update Book Status', 'BookItem', '9068698c-87e2-4ff0-a016-22f0f53d4af4', 'Status Change', 'Changed to Discarded', '2026-05-12 14:54:00.534430');
INSERT INTO `AuditLogs` (`Id`, `UserId`, `UserName`, `Action`, `EntityName`, `EntityId`, `OldValues`, `NewValues`, `Timestamp`) VALUES ('0141051a-e5dd-41d7-93e0-06347ef89fde', 'd89ae8d4-0dd1-493a-9657-ba367f9fb188', 'librarian01', 'Delete Book Item', 'Library', 'Books', '', 'Deleted item with Barcode: DIGITAL-9780140449132 at 5/8/2026 12:21:17 PM', '2026-05-08 12:21:17.089553');
INSERT INTO `AuditLogs` (`Id`, `UserId`, `UserName`, `Action`, `EntityName`, `EntityId`, `OldValues`, `NewValues`, `Timestamp`) VALUES ('17a3551a-693f-4547-a4c6-08ce63a1d8ed', '3d840496-dd25-4874-8e2d-6a0b7ff30fbc', 'librarian02', 'Return Physical Book', 'LoanDetails', 'ef03eb63-82c3-421d-aaa4-9c830f07caf1', 'Status: Loaned', 'Librarian successfull return the loan, Money: 0 VND', '2026-05-05 02:44:56.826424');
INSERT INTO `AuditLogs` (`Id`, `UserId`, `UserName`, `Action`, `EntityName`, `EntityId`, `OldValues`, `NewValues`, `Timestamp`) VALUES ('12b30f8f-5879-4699-a2fa-0ba355284da0', 'd89ae8d4-0dd1-493a-9657-ba367f9fb188', 'librarian01', 'Return Physical Book', 'LoanDetails', 'ea25e0e6-9184-468d-b8a0-2c3a0e3abd53', 'Status: Loaned', 'Librarian successfull return the loan, Money: 0 VND', '2026-05-04 22:52:22.471743');
INSERT INTO `AuditLogs` (`Id`, `UserId`, `UserName`, `Action`, `EntityName`, `EntityId`, `OldValues`, `NewValues`, `Timestamp`) VALUES ('3d0c4f32-8693-4194-83c5-0db358182b6f', '3d840496-dd25-4874-8e2d-6a0b7ff30fbc', 'librarian02', 'Return Physical Book', 'LoanDetails', 'd7bdab55-72cc-4320-8fc2-9394eeb2e4f2', 'Status: Loaned', 'Librarian successfull return the loan, Money: 0 VND', '2026-05-12 14:57:39.049752');
INSERT INTO `AuditLogs` (`Id`, `UserId`, `UserName`, `Action`, `EntityName`, `EntityId`, `OldValues`, `NewValues`, `Timestamp`) VALUES ('349445d3-376c-43e7-b949-0dcb6630b574', 'd89ae8d4-0dd1-493a-9657-ba367f9fb188', 'librarian01', 'Update Book Status', 'BookItem', '9068698c-87e2-4ff0-a016-22f0f53d4af4', 'Status Change', 'Changed to Available', '2026-05-12 14:53:32.916993');
INSERT INTO `AuditLogs` (`Id`, `UserId`, `UserName`, `Action`, `EntityName`, `EntityId`, `OldValues`, `NewValues`, `Timestamp`) VALUES ('646d7fa0-b087-4c9c-908e-0ec470141133', 'fcb068c4-a760-4513-b3a2-fe6e5b9893a2', 'phat', 'Create Reservation', 'Reservation', 'ReservationSystem', '', 'Reader 7b31d855-636d-4805-8164-859096da6e83 reserved BookItem 9780140441234-003', '2026-05-13 01:15:22.608706');
INSERT INTO `AuditLogs` (`Id`, `UserId`, `UserName`, `Action`, `EntityName`, `EntityId`, `OldValues`, `NewValues`, `Timestamp`) VALUES ('05953fb4-62ef-4a05-8d78-0f1d5808fa98', '3d840496-dd25-4874-8e2d-6a0b7ff30fbc', 'librarian02', 'Confirm Reservation', 'Reservation', 'ReservationSystem', '', 'Converted reservation 03291b00-be84-4185-93c2-222d7f6208b8 to loan e72ec057-3b96-4f99-8942-f294e483bcd0', '2026-05-12 14:56:15.172907');
INSERT INTO `AuditLogs` (`Id`, `UserId`, `UserName`, `Action`, `EntityName`, `EntityId`, `OldValues`, `NewValues`, `Timestamp`) VALUES ('04f8ab6e-1468-4948-8d46-0fa28b8bc6cb', '3d840496-dd25-4874-8e2d-6a0b7ff30fbc', 'librarian02', 'Confirm Reservation', 'Reservation', 'ReservationSystem', '', 'Converted reservation 1f74b580-20ca-4282-9cab-c46b1ce8c733 to loan b62b2948-fa8a-48f8-936f-c998f70e062e', '2026-05-13 02:35:26.459425');
INSERT INTO `AuditLogs` (`Id`, `UserId`, `UserName`, `Action`, `EntityName`, `EntityId`, `OldValues`, `NewValues`, `Timestamp`) VALUES ('b4298f2f-c8db-40a0-9b4a-10ef3d9ef7cd', '3d840496-dd25-4874-8e2d-6a0b7ff30fbc', 'librarian02', 'Confirm Reservation', 'Reservation', 'ReservationSystem', '', 'Converted reservation 4193639e-ba01-4b75-bf82-1fa6e1cbb694 to loan 8f5fe553-a77c-4c1a-84b0-1f024ad910c9', '2026-05-12 14:56:11.730493');
INSERT INTO `AuditLogs` (`Id`, `UserId`, `UserName`, `Action`, `EntityName`, `EntityId`, `OldValues`, `NewValues`, `Timestamp`) VALUES ('d3e5070e-8305-4c4e-b888-12f3e67589e5', 'fee1ee89-7d01-4702-b3e6-b3359b89bbbb', 'admin', 'Register/Create Librarian', 'System', 'Auth', '', 'Librarian registered/ created at 5/4/2026 10:29:08 PM', '2026-05-04 22:29:08.957076');
INSERT INTO `AuditLogs` (`Id`, `UserId`, `UserName`, `Action`, `EntityName`, `EntityId`, `OldValues`, `NewValues`, `Timestamp`) VALUES ('43a752d0-2abd-4d23-b423-15d655e246b5', 'd89ae8d4-0dd1-493a-9657-ba367f9fb188', 'librarian01', 'Update Book Status', 'BookItem', '9252b9d9-4362-4504-9c01-3cb4e0990094', 'Status Change', 'Changed to Available', '2026-05-12 14:52:35.764664');
INSERT INTO `AuditLogs` (`Id`, `UserId`, `UserName`, `Action`, `EntityName`, `EntityId`, `OldValues`, `NewValues`, `Timestamp`) VALUES ('31f7f234-91c9-4497-b48c-19b378d10d59', 'd89ae8d4-0dd1-493a-9657-ba367f9fb188', 'librarian01', 'Return Physical Book', 'LoanDetails', 'a782a3d0-4be8-4524-b870-3354bcf75f92', 'Status: Loaned', 'Librarian successfull return the loan, Money: 4295000 VND', '2026-05-09 20:21:12.391861');
INSERT INTO `AuditLogs` (`Id`, `UserId`, `UserName`, `Action`, `EntityName`, `EntityId`, `OldValues`, `NewValues`, `Timestamp`) VALUES ('a51671ca-a91f-4690-b544-1b2ff44efc64', 'fcb068c4-a760-4513-b3a2-fe6e5b9893a2', 'phat', 'Create Reservation', 'Reservation', 'ReservationSystem', '', 'Reader 7b31d855-636d-4805-8164-859096da6e83 reserved BookItem 9780140441234-002', '2026-05-12 13:59:45.067739');
INSERT INTO `AuditLogs` (`Id`, `UserId`, `UserName`, `Action`, `EntityName`, `EntityId`, `OldValues`, `NewValues`, `Timestamp`) VALUES ('bb3a90ed-e4e5-486b-9bbc-1b8ff9cedcdc', 'd89ae8d4-0dd1-493a-9657-ba367f9fb188', 'librarian01', 'Delete Book Item', 'Library', 'Books', '', 'Deleted item with Barcode: 9780140449137-002 at 5/8/2026 11:45:29 AM', '2026-05-08 11:45:29.378300');
INSERT INTO `AuditLogs` (`Id`, `UserId`, `UserName`, `Action`, `EntityName`, `EntityId`, `OldValues`, `NewValues`, `Timestamp`) VALUES ('591e29dd-b83f-465e-8a45-1c03ce85119e', 'd89ae8d4-0dd1-493a-9657-ba367f9fb188', 'librarian01', 'Confirm Reservation', 'Reservation', 'ReservationSystem', '', 'Converted reservation a6a4d5b3-0c9f-4c16-8c23-d3626e6ae0bb to loan 062126c7-3e3f-434c-80c3-959078d3dafa', '2026-05-11 17:18:38.942343');
INSERT INTO `AuditLogs` (`Id`, `UserId`, `UserName`, `Action`, `EntityName`, `EntityId`, `OldValues`, `NewValues`, `Timestamp`) VALUES ('64ffc849-4189-45d2-8749-1c2e525530b6', '3d840496-dd25-4874-8e2d-6a0b7ff30fbc', 'librarian02', 'Update Book Status', 'BookItem', 'cca92dd5-6cb8-4f39-a7f8-52cdca9f2d22', 'Status Change', 'Changed to Lost', '2026-05-13 03:53:41.924391');
INSERT INTO `AuditLogs` (`Id`, `UserId`, `UserName`, `Action`, `EntityName`, `EntityId`, `OldValues`, `NewValues`, `Timestamp`) VALUES ('7ae8f8a4-c3fe-4d4c-9150-1fb1e3ad305d', 'd89ae8d4-0dd1-493a-9657-ba367f9fb188', 'librarian01', 'Return Physical Book', 'LoanDetails', 'd7fda76f-6dac-4e9f-925b-e4248890239e', 'Status: Loaned', 'Librarian successfull return the loan, Money: 0 VND', '2026-05-11 20:17:08.277222');
INSERT INTO `AuditLogs` (`Id`, `UserId`, `UserName`, `Action`, `EntityName`, `EntityId`, `OldValues`, `NewValues`, `Timestamp`) VALUES ('42ceafd9-b9b7-4159-bcb0-206ec6b3683f', 'd89ae8d4-0dd1-493a-9657-ba367f9fb188', 'librarian01', 'Return Physical Book', 'LoanDetails', '058ea728-ff94-436e-ac6d-880c93952137', 'Status: Loaned', 'Librarian successfull return the loan, Money: 0 VND', '2026-05-12 14:22:01.783990');
INSERT INTO `AuditLogs` (`Id`, `UserId`, `UserName`, `Action`, `EntityName`, `EntityId`, `OldValues`, `NewValues`, `Timestamp`) VALUES ('f83a4381-b585-4e68-ac32-20a35e68e0f9', 'fcb068c4-a760-4513-b3a2-fe6e5b9893a2', 'System/Reader', 'Create Online Loan', 'Loans', '00f5522e-7e2d-4b97-a19e-424fdc30efa0', '', 'Reader fcb068c4-a760-4513-b3a2-fe6e5b9893a2 created an online loan for 1 items at 5/8/2026 5:20:45 PM', '2026-05-08 17:20:45.163384');
INSERT INTO `AuditLogs` (`Id`, `UserId`, `UserName`, `Action`, `EntityName`, `EntityId`, `OldValues`, `NewValues`, `Timestamp`) VALUES ('b1aaca65-90dd-444b-851d-215804384375', 'a12838ee-015f-4fc5-8a26-8019eb265859', 'dat', 'Create Reservation', 'Reservation', 'ReservationSystem', '', 'Reader 30ea7c1c-20d9-498c-8887-da5ee0b683ab reserved BookItem 9780140441234-002', '2026-05-13 01:07:35.003466');
INSERT INTO `AuditLogs` (`Id`, `UserId`, `UserName`, `Action`, `EntityName`, `EntityId`, `OldValues`, `NewValues`, `Timestamp`) VALUES ('ab3f39b9-e0ca-4843-83c2-241b449b43b0', '3d840496-dd25-4874-8e2d-6a0b7ff30fbc', 'librarian02', 'Confirm Reservation', 'Reservation', 'ReservationSystem', '', 'Converted reservation 094c1f3d-a9c0-4533-bb55-70821133814f to loan a338b011-635b-4ecc-b4e9-c007dd28c5f2', '2026-05-13 01:16:12.658034');
INSERT INTO `AuditLogs` (`Id`, `UserId`, `UserName`, `Action`, `EntityName`, `EntityId`, `OldValues`, `NewValues`, `Timestamp`) VALUES ('a4497174-703f-4df1-82e1-25dd09cbd552', 'd89ae8d4-0dd1-493a-9657-ba367f9fb188', 'librarian01', 'Restore Book Item', 'Library', 'Books', '', 'Restored item with Barcode: 9780140449137-003 at 5/8/2026 12:20:49 PM', '2026-05-08 12:20:49.060744');
INSERT INTO `AuditLogs` (`Id`, `UserId`, `UserName`, `Action`, `EntityName`, `EntityId`, `OldValues`, `NewValues`, `Timestamp`) VALUES ('71a6c851-3485-45c6-bcc5-25f5b8c811ef', 'd89ae8d4-0dd1-493a-9657-ba367f9fb188', 'librarian01', 'Update Book Status', 'BookItem', '9252b9d9-4362-4504-9c01-3cb4e0990094', 'Status Change', 'Changed to InRepair', '2026-05-12 14:45:02.520032');
INSERT INTO `AuditLogs` (`Id`, `UserId`, `UserName`, `Action`, `EntityName`, `EntityId`, `OldValues`, `NewValues`, `Timestamp`) VALUES ('3b627791-effb-4312-8b4d-27dc352b8ba1', 'd89ae8d4-0dd1-493a-9657-ba367f9fb188', 'librarian01', 'Update Reader', 'System', 'Auth', '', 'Reader profile updated at 5/11/2026 9:56:23 PM', '2026-05-11 21:56:23.218409');
INSERT INTO `AuditLogs` (`Id`, `UserId`, `UserName`, `Action`, `EntityName`, `EntityId`, `OldValues`, `NewValues`, `Timestamp`) VALUES ('1bdf088d-55db-44e1-ba90-28219c9714d3', 'fcb068c4-a760-4513-b3a2-fe6e5b9893a2', 'phat', 'Create Reservation', 'Reservation', 'ReservationSystem', '', 'Reader 7b31d855-636d-4805-8164-859096da6e83 reserved BookItem 9780140449137-002', '2026-05-13 02:34:28.417099');
INSERT INTO `AuditLogs` (`Id`, `UserId`, `UserName`, `Action`, `EntityName`, `EntityId`, `OldValues`, `NewValues`, `Timestamp`) VALUES ('baee8ec4-5862-4288-96db-2a07e7610438', 'd89ae8d4-0dd1-493a-9657-ba367f9fb188', 'librarian01', 'Restore Book Item', 'Library', 'Books', '', 'Restored item with Barcode: 9780140441234-003 at 5/8/2026 1:25:25 AM', '2026-05-08 01:25:25.043367');
INSERT INTO `AuditLogs` (`Id`, `UserId`, `UserName`, `Action`, `EntityName`, `EntityId`, `OldValues`, `NewValues`, `Timestamp`) VALUES ('d8143e78-fa1b-417a-ab7a-2b43fcee9bb7', 'fcb068c4-a760-4513-b3a2-fe6e5b9893a2', 'System/Reader', 'Create Online Loan', 'Loans', '91f15485-993b-415b-84bf-57fbe7ce4df9', '', 'Reader fcb068c4-a760-4513-b3a2-fe6e5b9893a2 created an online loan for 1 items at 5/5/2026 2:59:46 AM', '2026-05-05 02:59:46.515230');
INSERT INTO `AuditLogs` (`Id`, `UserId`, `UserName`, `Action`, `EntityName`, `EntityId`, `OldValues`, `NewValues`, `Timestamp`) VALUES ('7e96e533-baca-4bb0-bc81-2bd4936c7675', '3d840496-dd25-4874-8e2d-6a0b7ff30fbc', 'librarian02', 'Delete Book Item', 'Library', 'Books', '', 'Deleted item with Barcode: 9780140441299-008 at 5/13/2026 3:55:09 AM', '2026-05-13 03:55:09.965494');
INSERT INTO `AuditLogs` (`Id`, `UserId`, `UserName`, `Action`, `EntityName`, `EntityId`, `OldValues`, `NewValues`, `Timestamp`) VALUES ('cbf9b9fd-76e1-4cdb-83eb-2e162f522b9e', '3d840496-dd25-4874-8e2d-6a0b7ff30fbc', 'librarian02', 'Confirm Reservation', 'Reservation', 'ReservationSystem', '', 'Converted reservation e9364cb0-0ad0-404f-a741-a626c6ed47ed to loan 79274c8a-2bde-4593-9da2-0808df6d1760', '2026-05-13 02:45:08.977059');
INSERT INTO `AuditLogs` (`Id`, `UserId`, `UserName`, `Action`, `EntityName`, `EntityId`, `OldValues`, `NewValues`, `Timestamp`) VALUES ('01a7877c-c81c-4a12-8379-2e3e75474e35', '3d840496-dd25-4874-8e2d-6a0b7ff30fbc', 'librarian02', 'Update Reader', 'System', 'Auth', '', 'Reader profile updated at 5/12/2026 3:35:01 PM', '2026-05-12 15:35:01.985109');
INSERT INTO `AuditLogs` (`Id`, `UserId`, `UserName`, `Action`, `EntityName`, `EntityId`, `OldValues`, `NewValues`, `Timestamp`) VALUES ('2962d575-c25f-4495-a244-2e8c9135485c', 'd89ae8d4-0dd1-493a-9657-ba367f9fb188', 'librarian01', 'Delete Book Item', 'Library', 'Books', '', 'Deleted item with Barcode: 9780140449137-003 at 5/8/2026 11:45:34 AM', '2026-05-08 11:45:34.267864');
INSERT INTO `AuditLogs` (`Id`, `UserId`, `UserName`, `Action`, `EntityName`, `EntityId`, `OldValues`, `NewValues`, `Timestamp`) VALUES ('46256666-8e23-476c-ae48-3187bed9bb9f', 'fcb068c4-a760-4513-b3a2-fe6e5b9893a2', 'phat', 'Extend Loan', 'LoanDetail', 'e7949584-7e10-4d24-81a4-5725bb9b78f5', 'Success', 'Extended to 02/06/2026', '2026-05-12 16:38:08.705007');
INSERT INTO `AuditLogs` (`Id`, `UserId`, `UserName`, `Action`, `EntityName`, `EntityId`, `OldValues`, `NewValues`, `Timestamp`) VALUES ('382e03fc-5134-42c5-83fd-31c6d0005673', '3d840496-dd25-4874-8e2d-6a0b7ff30fbc', 'librarian02', 'Delete Book Item', 'Library', 'Books', '', 'Deleted item with Barcode: 9780140449131-008 at 5/12/2026 2:20:07 PM', '2026-05-12 14:20:07.449446');
INSERT INTO `AuditLogs` (`Id`, `UserId`, `UserName`, `Action`, `EntityName`, `EntityId`, `OldValues`, `NewValues`, `Timestamp`) VALUES ('eda95734-0980-47dc-abb3-31f91f111693', 'd89ae8d4-0dd1-493a-9657-ba367f9fb188', 'librarian01', 'Update Book Status', 'BookItem', '9252b9d9-4362-4504-9c01-3cb4e0990094', 'Status Change', 'Changed to Lost', '2026-05-12 14:45:07.546228');
INSERT INTO `AuditLogs` (`Id`, `UserId`, `UserName`, `Action`, `EntityName`, `EntityId`, `OldValues`, `NewValues`, `Timestamp`) VALUES ('384ac3f7-48cc-4293-b6d6-32942f89f225', 'd89ae8d4-0dd1-493a-9657-ba367f9fb188', 'librarian01', 'Update Book Status', 'BookItem', '00165598-7a6d-4917-a7ca-11f7c58c9574', 'Status Change', 'Changed to Lost', '2026-05-12 14:53:51.345894');
INSERT INTO `AuditLogs` (`Id`, `UserId`, `UserName`, `Action`, `EntityName`, `EntityId`, `OldValues`, `NewValues`, `Timestamp`) VALUES ('41f4a9cb-0f35-4ec3-ba36-32b9b424f3a6', '3d840496-dd25-4874-8e2d-6a0b7ff30fbc', 'librarian02', 'Update Book Status', 'BookItem', 'd2329915-c2a4-43ba-b3e4-0566761f1032', 'Status Change', 'Changed to Available', '2026-05-13 02:17:48.846855');
INSERT INTO `AuditLogs` (`Id`, `UserId`, `UserName`, `Action`, `EntityName`, `EntityId`, `OldValues`, `NewValues`, `Timestamp`) VALUES ('559f40e4-9250-4dca-ab01-37090ca4d1df', NULL, 'System', 'SeedData', 'Database', 'All', 'None', 'Full Seed Data (Accounts, Books, Categories) Created', '2026-05-03 10:48:46.860287');
INSERT INTO `AuditLogs` (`Id`, `UserId`, `UserName`, `Action`, `EntityName`, `EntityId`, `OldValues`, `NewValues`, `Timestamp`) VALUES ('1a392825-4294-4708-9ea6-39019e5ce686', 'd89ae8d4-0dd1-493a-9657-ba367f9fb188', 'librarian01', 'Update Book Status', 'BookItem', 'd48accf4-efa3-49a9-a61b-25baa09ef38c', 'Status Change', 'Changed to InRepair', '2026-05-12 14:53:20.842400');
INSERT INTO `AuditLogs` (`Id`, `UserId`, `UserName`, `Action`, `EntityName`, `EntityId`, `OldValues`, `NewValues`, `Timestamp`) VALUES ('cefbacdf-d6f3-483e-ad64-395150e6ea8c', 'fcb068c4-a760-4513-b3a2-fe6e5b9893a2', 'System/Reader', 'Create Online Loan', 'Loans', '1b08fc08-1d96-42a2-90e1-fd98c407f6d0', '', 'Reader fcb068c4-a760-4513-b3a2-fe6e5b9893a2 created an online loan for 1 items at 5/8/2026 9:44:11 PM', '2026-05-08 21:44:11.380707');
INSERT INTO `AuditLogs` (`Id`, `UserId`, `UserName`, `Action`, `EntityName`, `EntityId`, `OldValues`, `NewValues`, `Timestamp`) VALUES ('ae1e0ab3-978d-4435-a709-39ecb15a50de', '3d840496-dd25-4874-8e2d-6a0b7ff30fbc', 'librarian02', 'Confirm Reservation', 'Reservation', 'ReservationSystem', '', 'Converted reservation 5cf0ad6a-a972-4680-b28a-c8110ce61930 to loan e363f469-4023-4d0f-86ca-9640aa23adac', '2026-05-13 01:16:15.267559');
INSERT INTO `AuditLogs` (`Id`, `UserId`, `UserName`, `Action`, `EntityName`, `EntityId`, `OldValues`, `NewValues`, `Timestamp`) VALUES ('93620c6c-2a4e-4112-97ca-3b84d2b90a91', 'd89ae8d4-0dd1-493a-9657-ba367f9fb188', 'librarian01', 'Return Physical Book', 'LoanDetails', '800f6570-200f-4cae-83e6-9d6daf997157', 'Status: Loaned', 'Librarian successfull return the loan, Money: 0 VND', '2026-05-11 20:17:03.767750');
INSERT INTO `AuditLogs` (`Id`, `UserId`, `UserName`, `Action`, `EntityName`, `EntityId`, `OldValues`, `NewValues`, `Timestamp`) VALUES ('957915a2-dd1a-4046-b186-3bc5a619ff86', 'a12838ee-015f-4fc5-8a26-8019eb265859', 'dat', 'Create Reservation', 'Reservation', 'ReservationSystem', '', 'Reader 30ea7c1c-20d9-498c-8887-da5ee0b683ab reserved BookItem 9780140441299-002', '2026-05-13 03:52:50.329435');
INSERT INTO `AuditLogs` (`Id`, `UserId`, `UserName`, `Action`, `EntityName`, `EntityId`, `OldValues`, `NewValues`, `Timestamp`) VALUES ('5fc93cc0-e66f-4119-991e-3beb25f226bd', '3d840496-dd25-4874-8e2d-6a0b7ff30fbc', 'librarian02', 'Confirm Reservation', 'Reservation', 'ReservationSystem', '', 'Converted reservation f8e3e431-94f0-461d-9d86-0c85289c4d04 to loan d6a88989-03eb-415a-990e-3ed4b8ce0995', '2026-05-13 02:35:22.670675');
INSERT INTO `AuditLogs` (`Id`, `UserId`, `UserName`, `Action`, `EntityName`, `EntityId`, `OldValues`, `NewValues`, `Timestamp`) VALUES ('93b18e81-3243-4cb6-9ce7-3d14abf07555', '3d840496-dd25-4874-8e2d-6a0b7ff30fbc', 'librarian02', 'Delete Book Item', 'Library', 'Books', '', 'Deleted item with Barcode: 9780140449137-003 at 5/13/2026 2:16:22 AM', '2026-05-13 02:16:22.367908');
INSERT INTO `AuditLogs` (`Id`, `UserId`, `UserName`, `Action`, `EntityName`, `EntityId`, `OldValues`, `NewValues`, `Timestamp`) VALUES ('30707ca5-af8c-4cc3-a2f2-427f91993bf2', 'd89ae8d4-0dd1-493a-9657-ba367f9fb188', 'librarian01', 'Restore Book Item', 'Library', 'Books', '', 'Restored item with Barcode: 9780140449133-003 at 5/8/2026 1:06:13 AM', '2026-05-08 01:06:13.245259');
INSERT INTO `AuditLogs` (`Id`, `UserId`, `UserName`, `Action`, `EntityName`, `EntityId`, `OldValues`, `NewValues`, `Timestamp`) VALUES ('713f6b4e-77d9-4c88-aaa0-42e0db7602ea', 'd89ae8d4-0dd1-493a-9657-ba367f9fb188', 'librarian01', 'Cancel Reservation', 'Reservation', 'ReservationSystem', '', 'Reservation 70ad90a9-0481-449a-83fb-171698bac053 was canceled', '2026-05-11 20:17:26.310869');
INSERT INTO `AuditLogs` (`Id`, `UserId`, `UserName`, `Action`, `EntityName`, `EntityId`, `OldValues`, `NewValues`, `Timestamp`) VALUES ('38c4ad99-adcc-47fd-9e3e-435ca4142588', 'd89ae8d4-0dd1-493a-9657-ba367f9fb188', 'librarian01', 'Update Book', 'Library', 'Books', '', 'Updated book with ID: 37030b16-b10f-4550-8b74-e9cae9c95efb at 5/8/2026 12:20:21 PM', '2026-05-08 12:20:21.790122');
INSERT INTO `AuditLogs` (`Id`, `UserId`, `UserName`, `Action`, `EntityName`, `EntityId`, `OldValues`, `NewValues`, `Timestamp`) VALUES ('f0b8c0c0-1bac-4e7d-a95a-44419ad75d72', '3d840496-dd25-4874-8e2d-6a0b7ff30fbc', 'librarian02', 'Update Reader', 'System', 'Auth', '', 'Reader profile updated at 5/11/2026 9:52:29 PM', '2026-05-11 21:52:29.511588');
INSERT INTO `AuditLogs` (`Id`, `UserId`, `UserName`, `Action`, `EntityName`, `EntityId`, `OldValues`, `NewValues`, `Timestamp`) VALUES ('dbcee13b-975b-44d4-a129-44a754423980', 'd89ae8d4-0dd1-493a-9657-ba367f9fb188', 'librarian01', 'Delete Book Item', 'Library', 'Books', '', 'Deleted item with Barcode: 9780140449133-003 at 5/7/2026 11:10:13 PM', '2026-05-07 23:10:13.856158');
INSERT INTO `AuditLogs` (`Id`, `UserId`, `UserName`, `Action`, `EntityName`, `EntityId`, `OldValues`, `NewValues`, `Timestamp`) VALUES ('11133c33-cc4c-4ac8-92da-499bc14a93c7', '3d840496-dd25-4874-8e2d-6a0b7ff30fbc', 'librarian02', 'Return Physical Book', 'LoanDetails', 'de769c9e-bc84-4997-a0b2-612c74ca5cda', 'Status: Loaned', 'Librarian successfull return the loan, Money: 0 VND', '2026-05-12 14:57:35.674267');
INSERT INTO `AuditLogs` (`Id`, `UserId`, `UserName`, `Action`, `EntityName`, `EntityId`, `OldValues`, `NewValues`, `Timestamp`) VALUES ('7fa00be1-a3b0-4116-b6fc-49ef41e856e1', 'fcb068c4-a760-4513-b3a2-fe6e5b9893a2', 'System/Reader', 'Create Online Loan', 'Loans', 'd71f8ca5-9021-4979-8a95-88f40678bec1', '', 'Reader fcb068c4-a760-4513-b3a2-fe6e5b9893a2 created an online loan for 1 items at 5/8/2026 4:48:36 PM', '2026-05-08 16:48:36.425298');
INSERT INTO `AuditLogs` (`Id`, `UserId`, `UserName`, `Action`, `EntityName`, `EntityId`, `OldValues`, `NewValues`, `Timestamp`) VALUES ('654a26c8-7c02-4042-bc38-4a8f2332b30f', 'fcb068c4-a760-4513-b3a2-fe6e5b9893a2', 'phat', 'Create Reservation', 'Reservation', 'ReservationSystem', '', 'Reader 7b31d855-636d-4805-8164-859096da6e83 reserved BookItem 9780140441234-002', '2026-05-13 02:34:17.445624');
INSERT INTO `AuditLogs` (`Id`, `UserId`, `UserName`, `Action`, `EntityName`, `EntityId`, `OldValues`, `NewValues`, `Timestamp`) VALUES ('d5ed12b5-918d-4dcc-a3c9-4d39728fe0a6', '3d840496-dd25-4874-8e2d-6a0b7ff30fbc', 'librarian02', 'Return Physical Book', 'LoanDetails', '976667ed-6cbd-44d9-96fe-58635a9fdb73', 'Status: Loaned', 'Librarian successfull return the loan, Money: 0 VND', '2026-05-12 14:00:28.571995');
INSERT INTO `AuditLogs` (`Id`, `UserId`, `UserName`, `Action`, `EntityName`, `EntityId`, `OldValues`, `NewValues`, `Timestamp`) VALUES ('3859aaf0-8107-4839-81db-4d85eb2c31a6', '3d840496-dd25-4874-8e2d-6a0b7ff30fbc', 'librarian02', 'Return Physical Book', 'LoanDetails', 'cf680fc0-0f95-4bea-9bf9-2da8a988a468', 'Status: Loaned', 'Librarian successfull return the loan, Money: 0 VND', '2026-05-13 01:03:13.492447');
INSERT INTO `AuditLogs` (`Id`, `UserId`, `UserName`, `Action`, `EntityName`, `EntityId`, `OldValues`, `NewValues`, `Timestamp`) VALUES ('d3f1985a-a7e7-455f-9ba8-4e1a85b87191', 'fcb068c4-a760-4513-b3a2-fe6e5b9893a2', 'phat', 'Extend Loan', 'LoanDetail', 'f4d0fac4-d4bb-4fea-9001-071ddd40cc06', 'Success', 'Extended to 03/06/2026', '2026-05-13 04:00:23.403900');
INSERT INTO `AuditLogs` (`Id`, `UserId`, `UserName`, `Action`, `EntityName`, `EntityId`, `OldValues`, `NewValues`, `Timestamp`) VALUES ('341ca328-9b08-41ac-aeba-4f2dbab6bd57', 'a12838ee-015f-4fc5-8a26-8019eb265859', 'dat', 'Create Reservation', 'Reservation', 'ReservationSystem', '', 'Reader 30ea7c1c-20d9-498c-8887-da5ee0b683ab reserved BookItem 9780140441234-002', '2026-05-12 15:53:29.143364');
INSERT INTO `AuditLogs` (`Id`, `UserId`, `UserName`, `Action`, `EntityName`, `EntityId`, `OldValues`, `NewValues`, `Timestamp`) VALUES ('08a31ad4-29b4-4b64-9b56-502723fe11d2', 'd89ae8d4-0dd1-493a-9657-ba367f9fb188', 'librarian01', 'Update Book Status', 'BookItem', '00165598-7a6d-4917-a7ca-11f7c58c9574', 'Status Change', 'Changed to Available', '2026-05-12 14:53:14.015263');
INSERT INTO `AuditLogs` (`Id`, `UserId`, `UserName`, `Action`, `EntityName`, `EntityId`, `OldValues`, `NewValues`, `Timestamp`) VALUES ('67c4ccd3-550f-4946-abe0-502f77460881', 'd89ae8d4-0dd1-493a-9657-ba367f9fb188', 'librarian01', 'Restore Book Item', 'Library', 'Books', '', 'Restored item with Barcode: 9780140449133-002 at 5/8/2026 1:06:29 AM', '2026-05-08 01:06:29.230825');
INSERT INTO `AuditLogs` (`Id`, `UserId`, `UserName`, `Action`, `EntityName`, `EntityId`, `OldValues`, `NewValues`, `Timestamp`) VALUES ('e3fb2c19-ef91-4698-930a-50a8eef76a62', 'd89ae8d4-0dd1-493a-9657-ba367f9fb188', 'librarian01', 'Return Physical Book', 'LoanDetails', '7e8a591a-e1f7-40de-afa5-fcc434b94e9f', 'Status: Loaned', 'Librarian successfull return the loan, Money: 0 VND', '2026-05-07 22:15:30.019505');
INSERT INTO `AuditLogs` (`Id`, `UserId`, `UserName`, `Action`, `EntityName`, `EntityId`, `OldValues`, `NewValues`, `Timestamp`) VALUES ('06dd194c-3def-4377-85b4-50ec4228559c', '3d840496-dd25-4874-8e2d-6a0b7ff30fbc', 'librarian02', 'Confirm Reservation', 'Reservation', 'ReservationSystem', '', 'Converted reservation 5274abb0-903e-4fde-bd06-a4a80563f072 to loan 11b615e7-a77c-47e0-8e7d-6521697c89f8', '2026-05-13 02:35:01.847958');
INSERT INTO `AuditLogs` (`Id`, `UserId`, `UserName`, `Action`, `EntityName`, `EntityId`, `OldValues`, `NewValues`, `Timestamp`) VALUES ('79a261d8-d606-41b7-b7ac-5237e9b3548d', '3d840496-dd25-4874-8e2d-6a0b7ff30fbc', 'librarian02', 'Delete Reader', 'System', 'Auth', '', 'Reader deleted at 5/12/2026 3:46:58 PM', '2026-05-12 15:46:58.991758');
INSERT INTO `AuditLogs` (`Id`, `UserId`, `UserName`, `Action`, `EntityName`, `EntityId`, `OldValues`, `NewValues`, `Timestamp`) VALUES ('511c90f5-92bb-4d37-8fe1-54e18b195456', '3d840496-dd25-4874-8e2d-6a0b7ff30fbc', 'librarian02', 'Confirm Reservation', 'Reservation', 'ReservationSystem', '', 'Converted reservation f81bf490-0e40-4a89-92f2-e8c37d8fd15b to loan 47d6f0ff-a2a5-45fc-8b1c-167ad98d9e01', '2026-05-12 14:56:19.552104');
INSERT INTO `AuditLogs` (`Id`, `UserId`, `UserName`, `Action`, `EntityName`, `EntityId`, `OldValues`, `NewValues`, `Timestamp`) VALUES ('0f2013e1-f170-4c77-a5e9-565d3ba1eaef', 'a12838ee-015f-4fc5-8a26-8019eb265859', 'dat', 'Create Reservation', 'Reservation', 'ReservationSystem', '', 'Reader 30ea7c1c-20d9-498c-8887-da5ee0b683ab reserved BookItem 9780140449133-003', '2026-05-11 20:15:08.279954');
INSERT INTO `AuditLogs` (`Id`, `UserId`, `UserName`, `Action`, `EntityName`, `EntityId`, `OldValues`, `NewValues`, `Timestamp`) VALUES ('7abc2eb6-e769-4797-85b4-56f3f6a4fb26', 'd89ae8d4-0dd1-493a-9657-ba367f9fb188', 'librarian01', 'Restore Book Item', 'Library', 'Books', '', 'Restored item with Barcode: 9780140449133-003 at 5/7/2026 10:50:56 PM', '2026-05-07 22:50:56.422818');
INSERT INTO `AuditLogs` (`Id`, `UserId`, `UserName`, `Action`, `EntityName`, `EntityId`, `OldValues`, `NewValues`, `Timestamp`) VALUES ('891696af-8215-4dd9-9218-5cc96e623ff8', 'd89ae8d4-0dd1-493a-9657-ba367f9fb188', 'librarian01', 'Restore Book Item', 'Library', 'Books', '', 'Restored item with Barcode: DIGITAL-9780140449132 at 5/8/2026 12:21:29 PM', '2026-05-08 12:21:29.988048');
INSERT INTO `AuditLogs` (`Id`, `UserId`, `UserName`, `Action`, `EntityName`, `EntityId`, `OldValues`, `NewValues`, `Timestamp`) VALUES ('278b72d6-d71e-4e35-b04a-5dd43d90fea8', 'e8f29438-566d-4ce9-ab55-db1bb36102bf', 'khanh', 'Create Reservation', 'Reservation', 'ReservationSystem', '', 'Reader dea67741-6d90-4bd9-8624-992e1d876b9f reserved BookItem 9780140449137-002', '2026-05-12 14:55:23.802785');
INSERT INTO `AuditLogs` (`Id`, `UserId`, `UserName`, `Action`, `EntityName`, `EntityId`, `OldValues`, `NewValues`, `Timestamp`) VALUES ('3b581798-bd05-422d-9d41-5dd64d3f87ea', 'fcb068c4-a760-4513-b3a2-fe6e5b9893a2', 'System/Reader', 'Create Online Loan', 'Loans', '91dbb4b8-68e8-4392-aa1f-04200171579a', '', 'Reader fcb068c4-a760-4513-b3a2-fe6e5b9893a2 created an online loan for 1 items at 5/8/2026 5:03:47 PM', '2026-05-08 17:03:47.593107');
INSERT INTO `AuditLogs` (`Id`, `UserId`, `UserName`, `Action`, `EntityName`, `EntityId`, `OldValues`, `NewValues`, `Timestamp`) VALUES ('8c169df8-9638-4232-a3b7-5e6fef145d3b', 'd89ae8d4-0dd1-493a-9657-ba367f9fb188', 'librarian01', 'Restore Book Item', 'Library', 'Books', '', 'Restored item with Barcode: 9780140441234-003 at 5/12/2026 2:52:32 PM', '2026-05-12 14:52:32.880892');
INSERT INTO `AuditLogs` (`Id`, `UserId`, `UserName`, `Action`, `EntityName`, `EntityId`, `OldValues`, `NewValues`, `Timestamp`) VALUES ('12513be2-4a76-47cb-8cbe-5eba7981a988', '3d840496-dd25-4874-8e2d-6a0b7ff30fbc', 'librarian02', 'Return Physical Book', 'LoanDetails', 'e7949584-7e10-4d24-81a4-5725bb9b78f5', 'Status: Loaned', 'Librarian successfull return the loan, Money: 0 VND', '2026-05-12 23:50:37.755383');
INSERT INTO `AuditLogs` (`Id`, `UserId`, `UserName`, `Action`, `EntityName`, `EntityId`, `OldValues`, `NewValues`, `Timestamp`) VALUES ('e3544847-c571-45ab-9539-5f3cc3828e49', 'd89ae8d4-0dd1-493a-9657-ba367f9fb188', 'librarian01', 'Delete Book Item', 'Library', 'Books', '', 'Deleted item with Barcode: 9780140449137-001 at 5/8/2026 11:45:38 AM', '2026-05-08 11:45:38.784334');
INSERT INTO `AuditLogs` (`Id`, `UserId`, `UserName`, `Action`, `EntityName`, `EntityId`, `OldValues`, `NewValues`, `Timestamp`) VALUES ('33080315-b0b1-4813-bcd1-5f74e43b3416', '3d840496-dd25-4874-8e2d-6a0b7ff30fbc', 'librarian02', 'Cancel Reservation', 'Reservation', 'ReservationSystem', '', 'Reservation 850d8d42-2aba-4dfd-9b2c-94c6d3ee2ff8 was canceled', '2026-05-13 01:16:06.491631');
INSERT INTO `AuditLogs` (`Id`, `UserId`, `UserName`, `Action`, `EntityName`, `EntityId`, `OldValues`, `NewValues`, `Timestamp`) VALUES ('8da25144-8acb-4280-81c1-5fb8ed098e90', 'fcb068c4-a760-4513-b3a2-fe6e5b9893a2', 'phat', 'Create Reservation', 'Reservation', 'ReservationSystem', '', 'Reader 7b31d855-636d-4805-8164-859096da6e83 reserved BookItem 9780140441299-009', '2026-05-13 03:54:28.430647');
INSERT INTO `AuditLogs` (`Id`, `UserId`, `UserName`, `Action`, `EntityName`, `EntityId`, `OldValues`, `NewValues`, `Timestamp`) VALUES ('76c467d4-cf6e-46c9-8bf9-60311ea54701', 'fcb068c4-a760-4513-b3a2-fe6e5b9893a2', 'System/Reader', 'Create Online Loan', 'Loans', '0be8e44c-d753-4715-91fc-90b5dd694a17', '', 'Reader fcb068c4-a760-4513-b3a2-fe6e5b9893a2 created an online loan for 1 items at 5/5/2026 7:02:56 AM', '2026-05-05 07:02:56.394953');
INSERT INTO `AuditLogs` (`Id`, `UserId`, `UserName`, `Action`, `EntityName`, `EntityId`, `OldValues`, `NewValues`, `Timestamp`) VALUES ('529e74bc-9a72-4859-a321-60583618c0ff', 'fcb068c4-a760-4513-b3a2-fe6e5b9893a2', 'phat', 'Create Reservation', 'Reservation', 'ReservationSystem', '', 'Reader 7b31d855-636d-4805-8164-859096da6e83 reserved BookItem 9780140449133-003', '2026-05-13 01:15:27.387796');
INSERT INTO `AuditLogs` (`Id`, `UserId`, `UserName`, `Action`, `EntityName`, `EntityId`, `OldValues`, `NewValues`, `Timestamp`) VALUES ('ca027237-35e1-4f5e-8832-609dd8037049', '3d840496-dd25-4874-8e2d-6a0b7ff30fbc', 'librarian02', 'Cancel Reservation', 'Reservation', 'ReservationSystem', '', 'Reservation 2a48b419-637a-4891-8f49-9028aa02d04b was canceled', '2026-05-12 14:57:08.166306');
INSERT INTO `AuditLogs` (`Id`, `UserId`, `UserName`, `Action`, `EntityName`, `EntityId`, `OldValues`, `NewValues`, `Timestamp`) VALUES ('8cde23a4-96ff-46b1-b558-62cb27c2100d', 'e8f29438-566d-4ce9-ab55-db1bb36102bf', 'khanh', 'Create Reservation', 'Reservation', 'ReservationSystem', '', 'Reader dea67741-6d90-4bd9-8624-992e1d876b9f reserved BookItem 9780140441234-003', '2026-05-12 14:55:30.019327');
INSERT INTO `AuditLogs` (`Id`, `UserId`, `UserName`, `Action`, `EntityName`, `EntityId`, `OldValues`, `NewValues`, `Timestamp`) VALUES ('8ff8ac35-f028-4a84-9569-64c041f926a6', '3d840496-dd25-4874-8e2d-6a0b7ff30fbc', 'librarian02', 'Update Book Status', 'BookItem', '5fc79a21-8d9a-4135-a506-9a8fb4777df8', 'Status Change', 'Changed to Discarded', '2026-05-13 02:36:17.052704');
INSERT INTO `AuditLogs` (`Id`, `UserId`, `UserName`, `Action`, `EntityName`, `EntityId`, `OldValues`, `NewValues`, `Timestamp`) VALUES ('90fce77b-5f19-4701-b3ea-657ee6c762b4', '3d840496-dd25-4874-8e2d-6a0b7ff30fbc', 'librarian02', 'Restore Reader', 'System', 'Auth', '', 'Reader deleted at 5/13/2026 3:38:39 AM', '2026-05-13 03:38:39.486629');
INSERT INTO `AuditLogs` (`Id`, `UserId`, `UserName`, `Action`, `EntityName`, `EntityId`, `OldValues`, `NewValues`, `Timestamp`) VALUES ('88c14a15-cdad-4930-9b84-658497f87721', '3d840496-dd25-4874-8e2d-6a0b7ff30fbc', 'librarian02', 'Restore Book Item', 'Library', 'Books', '', 'Restored item with Barcode: 9780140441234-005 at 5/13/2026 2:36:27 AM', '2026-05-13 02:36:27.553735');
INSERT INTO `AuditLogs` (`Id`, `UserId`, `UserName`, `Action`, `EntityName`, `EntityId`, `OldValues`, `NewValues`, `Timestamp`) VALUES ('8e5948be-4a49-432d-b5de-67f513032c90', '3d840496-dd25-4874-8e2d-6a0b7ff30fbc', 'librarian02', 'Delete Book Item', 'Library', 'Books', '', 'Deleted item with Barcode: 9780140441234-002 at 5/12/2026 2:57:54 PM', '2026-05-12 14:57:54.241620');
INSERT INTO `AuditLogs` (`Id`, `UserId`, `UserName`, `Action`, `EntityName`, `EntityId`, `OldValues`, `NewValues`, `Timestamp`) VALUES ('081a2204-4e51-4692-8046-685be77433f1', 'd89ae8d4-0dd1-493a-9657-ba367f9fb188', 'librarian01', 'Update Book Status', 'BookItem', '9252b9d9-4362-4504-9c01-3cb4e0990094', 'Status Change', 'Changed to Discarded', '2026-05-12 14:52:18.501864');
INSERT INTO `AuditLogs` (`Id`, `UserId`, `UserName`, `Action`, `EntityName`, `EntityId`, `OldValues`, `NewValues`, `Timestamp`) VALUES ('1de5f3ea-f93b-41cf-9998-68b5f87ce2c3', 'fcb068c4-a760-4513-b3a2-fe6e5b9893a2', 'phat', 'Create Reservation', 'Reservation', 'ReservationSystem', '', 'Reader 7b31d855-636d-4805-8164-859096da6e83 reserved BookItem 9780140449133-003', '2026-05-13 02:34:22.739581');
INSERT INTO `AuditLogs` (`Id`, `UserId`, `UserName`, `Action`, `EntityName`, `EntityId`, `OldValues`, `NewValues`, `Timestamp`) VALUES ('6262561e-c478-4e04-bebf-6a3464fd6b9f', '9388b1f3-aed2-48c4-9781-d2559b3f59e0', 'quan', 'Create Reservation', 'Reservation', 'ReservationSystem', '', 'Reader 449e59d3-3ffa-4509-b8d0-077e950ca8df reserved BookItem 9780140449133-003', '2026-05-13 03:46:01.393531');
INSERT INTO `AuditLogs` (`Id`, `UserId`, `UserName`, `Action`, `EntityName`, `EntityId`, `OldValues`, `NewValues`, `Timestamp`) VALUES ('9c77338e-8775-45d1-988c-6b7940647b45', '3d840496-dd25-4874-8e2d-6a0b7ff30fbc', 'librarian02', 'Restore Reader', 'System', 'Auth', '', 'Reader deleted at 5/12/2026 3:46:05 PM', '2026-05-12 15:46:05.526155');
INSERT INTO `AuditLogs` (`Id`, `UserId`, `UserName`, `Action`, `EntityName`, `EntityId`, `OldValues`, `NewValues`, `Timestamp`) VALUES ('57f37775-460d-4b85-a61a-6ceb185339e7', '3d840496-dd25-4874-8e2d-6a0b7ff30fbc', 'librarian02', 'Restore Book Item', 'Library', 'Books', '', 'Restored item with Barcode: 9780140441234-002 at 5/12/2026 2:57:57 PM', '2026-05-12 14:57:57.479642');
INSERT INTO `AuditLogs` (`Id`, `UserId`, `UserName`, `Action`, `EntityName`, `EntityId`, `OldValues`, `NewValues`, `Timestamp`) VALUES ('25d439e2-6632-49e2-bbae-6d474c8dc208', '3d840496-dd25-4874-8e2d-6a0b7ff30fbc', 'librarian02', 'Restore Book Item', 'Library', 'Books', '', 'Restored item with Barcode: 9780140449131-002 at 5/13/2026 2:17:56 AM', '2026-05-13 02:17:56.376113');
INSERT INTO `AuditLogs` (`Id`, `UserId`, `UserName`, `Action`, `EntityName`, `EntityId`, `OldValues`, `NewValues`, `Timestamp`) VALUES ('3d23d9a3-0d31-4692-a901-6edffa82c125', '3d840496-dd25-4874-8e2d-6a0b7ff30fbc', 'librarian02', 'Restore Book Item', 'Library', 'Books', '', 'Restored item with Barcode: 9780140449131-008 at 5/12/2026 2:20:10 PM', '2026-05-12 14:20:10.384525');
INSERT INTO `AuditLogs` (`Id`, `UserId`, `UserName`, `Action`, `EntityName`, `EntityId`, `OldValues`, `NewValues`, `Timestamp`) VALUES ('c356748c-4dc8-45d5-b766-6f97fde73973', '3d840496-dd25-4874-8e2d-6a0b7ff30fbc', 'librarian02', 'Restore Book Item', 'Library', 'Books', '', 'Restored item with Barcode: 9780140449133-002 at 5/12/2026 11:50:51 PM', '2026-05-12 23:50:51.580800');
INSERT INTO `AuditLogs` (`Id`, `UserId`, `UserName`, `Action`, `EntityName`, `EntityId`, `OldValues`, `NewValues`, `Timestamp`) VALUES ('9509dccb-5bd1-4ff5-9e8a-6f9c236a7112', 'e8f29438-566d-4ce9-ab55-db1bb36102bf', 'khanh', 'Create Reservation', 'Reservation', 'ReservationSystem', '', 'Reader dea67741-6d90-4bd9-8624-992e1d876b9f reserved BookItem 9780140449133-003', '2026-05-12 14:55:36.044477');
INSERT INTO `AuditLogs` (`Id`, `UserId`, `UserName`, `Action`, `EntityName`, `EntityId`, `OldValues`, `NewValues`, `Timestamp`) VALUES ('b240cbb6-c5f8-4a92-bd51-710ba31ca487', '3d840496-dd25-4874-8e2d-6a0b7ff30fbc', 'librarian02', 'Confirm Reservation', 'Reservation', 'ReservationSystem', '', 'Converted reservation 917fe904-4500-4566-8ec1-32c29cdc6e79 to loan cfe60d98-9f4f-4ad7-9f07-1ed6a90831dc', '2026-05-13 02:16:50.450881');
INSERT INTO `AuditLogs` (`Id`, `UserId`, `UserName`, `Action`, `EntityName`, `EntityId`, `OldValues`, `NewValues`, `Timestamp`) VALUES ('9581b45b-aa5e-4472-92c4-735a9a5590ea', 'd89ae8d4-0dd1-493a-9657-ba367f9fb188', 'librarian01', 'Delete Book Item', 'Library', 'Books', '', 'Deleted item with Barcode: 9780140449133-003 at 5/7/2026 10:50:28 PM', '2026-05-07 22:50:28.631042');
INSERT INTO `AuditLogs` (`Id`, `UserId`, `UserName`, `Action`, `EntityName`, `EntityId`, `OldValues`, `NewValues`, `Timestamp`) VALUES ('51596c63-97ce-4885-a843-73dd15c8bc30', '3d840496-dd25-4874-8e2d-6a0b7ff30fbc', 'librarian02', 'Update Book Status', 'BookItem', '9252b9d9-4362-4504-9c01-3cb4e0990094', 'Status Change', 'Changed to Available', '2026-05-13 02:36:32.850055');
INSERT INTO `AuditLogs` (`Id`, `UserId`, `UserName`, `Action`, `EntityName`, `EntityId`, `OldValues`, `NewValues`, `Timestamp`) VALUES ('3161eb24-1d68-49b9-98c1-7515999b5533', '3d840496-dd25-4874-8e2d-6a0b7ff30fbc', 'librarian02', 'Update Book Status', 'BookItem', 'bcb26f30-f4f5-4c5b-ac23-4187b8ba0165', 'Status Change', 'Changed to InRepair', '2026-05-13 03:53:38.165337');
INSERT INTO `AuditLogs` (`Id`, `UserId`, `UserName`, `Action`, `EntityName`, `EntityId`, `OldValues`, `NewValues`, `Timestamp`) VALUES ('e447d3ed-d95d-4080-934b-76ad4e57d165', 'd89ae8d4-0dd1-493a-9657-ba367f9fb188', 'librarian01', 'Return Physical Book', 'LoanDetails', '11e6f6c7-068a-49da-b217-05160f5fccf5', 'Status: Loaned', 'Librarian successfull return the loan, Money: 0 VND', '2026-05-08 18:11:06.697513');
INSERT INTO `AuditLogs` (`Id`, `UserId`, `UserName`, `Action`, `EntityName`, `EntityId`, `OldValues`, `NewValues`, `Timestamp`) VALUES ('2f8bef9e-4a7f-418e-8b64-7759189d87d1', '9388b1f3-aed2-48c4-9781-d2559b3f59e0', 'quan', 'Create Reservation', 'Reservation', 'ReservationSystem', '', 'Reader 449e59d3-3ffa-4509-b8d0-077e950ca8df reserved BookItem 9780140449133-002', '2026-05-13 03:12:16.301985');
INSERT INTO `AuditLogs` (`Id`, `UserId`, `UserName`, `Action`, `EntityName`, `EntityId`, `OldValues`, `NewValues`, `Timestamp`) VALUES ('9522ce39-8f68-410e-9948-785d6af3d986', 'fcb068c4-a760-4513-b3a2-fe6e5b9893a2', 'phat', 'Create Reservation', 'Reservation', 'ReservationSystem', '', 'Reader 7b31d855-636d-4805-8164-859096da6e83 reserved BookItem 9780140441234-003', '2026-05-11 17:17:44.264644');
INSERT INTO `AuditLogs` (`Id`, `UserId`, `UserName`, `Action`, `EntityName`, `EntityId`, `OldValues`, `NewValues`, `Timestamp`) VALUES ('c29d79ab-8151-4143-b78e-7880be9a47c4', 'e8f29438-566d-4ce9-ab55-db1bb36102bf', 'khanh', 'Create Reservation', 'Reservation', 'ReservationSystem', '', 'Reader dea67741-6d90-4bd9-8624-992e1d876b9f reserved BookItem 9780140449133-003', '2026-05-12 14:20:48.075590');
INSERT INTO `AuditLogs` (`Id`, `UserId`, `UserName`, `Action`, `EntityName`, `EntityId`, `OldValues`, `NewValues`, `Timestamp`) VALUES ('fa1c46f7-031d-41be-a617-7d65182fe9aa', 'fcb068c4-a760-4513-b3a2-fe6e5b9893a2', 'phat', 'Create Reservation', 'Reservation', 'ReservationSystem', '', 'Reader 7b31d855-636d-4805-8164-859096da6e83 reserved BookItem 9780140449133-003', '2026-05-11 19:42:51.550252');
INSERT INTO `AuditLogs` (`Id`, `UserId`, `UserName`, `Action`, `EntityName`, `EntityId`, `OldValues`, `NewValues`, `Timestamp`) VALUES ('428e6c12-4a93-424a-9ff2-7e03b659f38c', '3d840496-dd25-4874-8e2d-6a0b7ff30fbc', 'librarian02', 'Confirm Reservation', 'Reservation', 'ReservationSystem', '', 'Converted reservation 56381975-c038-46c0-967d-4e029c842ef4 to loan d60daa0a-955b-455a-8b9b-4ecffa63bac5', '2026-05-13 03:54:48.271298');
INSERT INTO `AuditLogs` (`Id`, `UserId`, `UserName`, `Action`, `EntityName`, `EntityId`, `OldValues`, `NewValues`, `Timestamp`) VALUES ('e8e00f9c-8c07-4abf-864a-7e819aa7f024', 'd89ae8d4-0dd1-493a-9657-ba367f9fb188', 'librarian01', 'Delete Book Item', 'Library', 'Books', '', 'Deleted item with Barcode: 9780140449133-002 at 5/8/2026 12:33:55 AM', '2026-05-08 00:33:55.986911');
INSERT INTO `AuditLogs` (`Id`, `UserId`, `UserName`, `Action`, `EntityName`, `EntityId`, `OldValues`, `NewValues`, `Timestamp`) VALUES ('bc7452c6-b2d5-4f6f-9bb3-7ebd0e0d4e7c', 'd89ae8d4-0dd1-493a-9657-ba367f9fb188', 'librarian01', 'Update Book Status', 'BookItem', '9252b9d9-4362-4504-9c01-3cb4e0990094', 'Status Change', 'Changed to Available', '2026-05-12 14:52:21.519885');
INSERT INTO `AuditLogs` (`Id`, `UserId`, `UserName`, `Action`, `EntityName`, `EntityId`, `OldValues`, `NewValues`, `Timestamp`) VALUES ('11d45224-78ab-47f4-94de-80a62a253d89', '3d840496-dd25-4874-8e2d-6a0b7ff30fbc', 'librarian02', 'Update Book Status', 'BookItem', 'd48accf4-efa3-49a9-a61b-25baa09ef38c', 'Status Change', 'Changed to Lost', '2026-05-13 02:36:47.158163');
INSERT INTO `AuditLogs` (`Id`, `UserId`, `UserName`, `Action`, `EntityName`, `EntityId`, `OldValues`, `NewValues`, `Timestamp`) VALUES ('5e481745-19d0-41b5-ac58-81c82eb40198', '3d840496-dd25-4874-8e2d-6a0b7ff30fbc', 'librarian02', 'Delete Book Item', 'Library', 'Books', '', 'Deleted item with Barcode: 9780140441234-005 at 5/13/2026 2:36:21 AM', '2026-05-13 02:36:21.864029');
INSERT INTO `AuditLogs` (`Id`, `UserId`, `UserName`, `Action`, `EntityName`, `EntityId`, `OldValues`, `NewValues`, `Timestamp`) VALUES ('5585a2fb-2af6-482c-b2c4-8419a5899e0b', 'd89ae8d4-0dd1-493a-9657-ba367f9fb188', 'librarian01', 'Return Physical Book', 'LoanDetails', '058189da-3b45-4c3d-8012-4f1bac2e3252', 'Status: Loaned', 'Librarian successfull return the loan, Money: 4305000 VND', '2026-05-11 20:16:52.320045');
INSERT INTO `AuditLogs` (`Id`, `UserId`, `UserName`, `Action`, `EntityName`, `EntityId`, `OldValues`, `NewValues`, `Timestamp`) VALUES ('cc29db65-bcd2-465c-9b08-84d22f0186d4', 'd89ae8d4-0dd1-493a-9657-ba367f9fb188', 'librarian01', 'Delete Book Item', 'Library', 'Books', '', 'Deleted item with Barcode: 9780140441234-003 at 5/8/2026 1:25:19 AM', '2026-05-08 01:25:19.898984');
INSERT INTO `AuditLogs` (`Id`, `UserId`, `UserName`, `Action`, `EntityName`, `EntityId`, `OldValues`, `NewValues`, `Timestamp`) VALUES ('77ace89d-cb68-40eb-a0bb-84d8cfc18b07', 'a12838ee-015f-4fc5-8a26-8019eb265859', 'System/Reader', 'Create Online Loan', 'Loans', 'dcab7693-54ac-4b5d-848d-6328154b5a42', '', 'Reader a12838ee-015f-4fc5-8a26-8019eb265859 created an online loan for 1 items at 5/8/2026 9:44:29 PM', '2026-05-08 21:44:29.241139');
INSERT INTO `AuditLogs` (`Id`, `UserId`, `UserName`, `Action`, `EntityName`, `EntityId`, `OldValues`, `NewValues`, `Timestamp`) VALUES ('372f4ed0-83f4-480f-966c-868c16913144', '3d840496-dd25-4874-8e2d-6a0b7ff30fbc', 'librarian02', 'Delete Book Item', 'Library', 'Books', '', 'Deleted item with Barcode: 9780140441234-003 at 5/13/2026 2:36:42 AM', '2026-05-13 02:36:42.819287');
INSERT INTO `AuditLogs` (`Id`, `UserId`, `UserName`, `Action`, `EntityName`, `EntityId`, `OldValues`, `NewValues`, `Timestamp`) VALUES ('e1e831ad-f245-48be-a590-8732e4fd802b', 'd89ae8d4-0dd1-493a-9657-ba367f9fb188', 'librarian01', 'Return Physical Book', 'LoanDetails', '63a2541b-17c6-433f-8650-e28591005089', 'Status: Loaned', 'Librarian successfull return the loan, Money: 0 VND', '2026-05-05 07:17:59.336080');
INSERT INTO `AuditLogs` (`Id`, `UserId`, `UserName`, `Action`, `EntityName`, `EntityId`, `OldValues`, `NewValues`, `Timestamp`) VALUES ('6495bc94-44ff-4219-828d-8805b7a55b56', '3d840496-dd25-4874-8e2d-6a0b7ff30fbc', 'librarian02', 'Confirm Reservation', 'Reservation', 'ReservationSystem', '', 'Converted reservation 2bb8424d-defe-4cf9-9eb7-668f1c389534 to loan e4735bb9-dc4d-47f2-92c3-54a9da6fb63a', '2026-05-12 15:47:50.079830');
INSERT INTO `AuditLogs` (`Id`, `UserId`, `UserName`, `Action`, `EntityName`, `EntityId`, `OldValues`, `NewValues`, `Timestamp`) VALUES ('00e3fe8a-991e-491e-9f4c-88dd9d54b30b', '3d840496-dd25-4874-8e2d-6a0b7ff30fbc', 'librarian02', 'Delete Reader', 'System', 'Auth', '', 'Reader deleted at 5/13/2026 3:53:23 AM', '2026-05-13 03:53:23.562528');
INSERT INTO `AuditLogs` (`Id`, `UserId`, `UserName`, `Action`, `EntityName`, `EntityId`, `OldValues`, `NewValues`, `Timestamp`) VALUES ('4b5c3b5f-bab8-4100-8045-8aedbe1020ab', 'd89ae8d4-0dd1-493a-9657-ba367f9fb188', 'librarian01', 'Delete Book Item', 'Library', 'Books', '', 'Deleted item with Barcode: 9780140449133-001 at 5/8/2026 12:33:59 AM', '2026-05-08 00:33:59.716196');
INSERT INTO `AuditLogs` (`Id`, `UserId`, `UserName`, `Action`, `EntityName`, `EntityId`, `OldValues`, `NewValues`, `Timestamp`) VALUES ('0406d7bf-f0ea-4f8b-8a4f-8cad53c70ef7', 'd89ae8d4-0dd1-493a-9657-ba367f9fb188', 'librarian01', 'Update Book Status', 'BookItem', '9252b9d9-4362-4504-9c01-3cb4e0990094', 'Status Change', 'Changed to Available', '2026-05-12 14:52:07.540818');
INSERT INTO `AuditLogs` (`Id`, `UserId`, `UserName`, `Action`, `EntityName`, `EntityId`, `OldValues`, `NewValues`, `Timestamp`) VALUES ('b3a4644b-e98d-4237-9e26-8cb7dd75019d', '3d840496-dd25-4874-8e2d-6a0b7ff30fbc', 'librarian02', 'Confirm Reservation', 'Reservation', 'ReservationSystem', '', 'Converted reservation c7fd1cba-90c5-487f-ac2e-12734f1f5e75 to loan 916d01c4-a4e2-46b1-ae39-60495270eb6d', '2026-05-13 02:16:54.443734');
INSERT INTO `AuditLogs` (`Id`, `UserId`, `UserName`, `Action`, `EntityName`, `EntityId`, `OldValues`, `NewValues`, `Timestamp`) VALUES ('ebcbd197-44e6-4fa2-aceb-8f3779d815f3', '3d840496-dd25-4874-8e2d-6a0b7ff30fbc', 'librarian02', 'Update Book Status', 'BookItem', 'd48accf4-efa3-49a9-a61b-25baa09ef38c', 'Status Change', 'Changed to Available', '2026-05-13 02:17:26.566841');
INSERT INTO `AuditLogs` (`Id`, `UserId`, `UserName`, `Action`, `EntityName`, `EntityId`, `OldValues`, `NewValues`, `Timestamp`) VALUES ('016c717b-b87f-48d7-9ce1-91fc8d093342', 'd89ae8d4-0dd1-493a-9657-ba367f9fb188', 'librarian01', 'Confirm Reservation', 'Reservation', 'ReservationSystem', '', 'Converted reservation baee3d11-12b3-4447-afbf-69c975c6effe to loan 22f647c4-b490-48fd-aee7-d027d9f907de', '2026-05-11 19:43:26.680057');
INSERT INTO `AuditLogs` (`Id`, `UserId`, `UserName`, `Action`, `EntityName`, `EntityId`, `OldValues`, `NewValues`, `Timestamp`) VALUES ('1f5389b5-5b94-40f0-9535-92cb00377b09', '3d840496-dd25-4874-8e2d-6a0b7ff30fbc', 'librarian02', 'Restore Book Item', 'Library', 'Books', '', 'Restored item with Barcode: 9780140449137-003 at 5/13/2026 2:16:26 AM', '2026-05-13 02:16:26.307695');
INSERT INTO `AuditLogs` (`Id`, `UserId`, `UserName`, `Action`, `EntityName`, `EntityId`, `OldValues`, `NewValues`, `Timestamp`) VALUES ('1d07cfb9-e312-4539-9b2d-931a736ae106', '3d840496-dd25-4874-8e2d-6a0b7ff30fbc', 'librarian02', 'Update Reader', 'System', 'Auth', '', 'Reader profile updated at 5/11/2026 9:06:01 PM', '2026-05-11 21:06:01.102981');
INSERT INTO `AuditLogs` (`Id`, `UserId`, `UserName`, `Action`, `EntityName`, `EntityId`, `OldValues`, `NewValues`, `Timestamp`) VALUES ('7af27d07-dfe0-4ede-9cea-947978a9e98f', 'd89ae8d4-0dd1-493a-9657-ba367f9fb188', 'librarian01', 'Delete Book Item', 'Library', 'Books', '', 'Deleted item with Barcode: 9780140441234-003 at 5/12/2026 2:52:30 PM', '2026-05-12 14:52:30.084079');
INSERT INTO `AuditLogs` (`Id`, `UserId`, `UserName`, `Action`, `EntityName`, `EntityId`, `OldValues`, `NewValues`, `Timestamp`) VALUES ('dc000818-5450-4c81-95bd-976db8e26da9', 'd89ae8d4-0dd1-493a-9657-ba367f9fb188', 'librarian01', 'Return Physical Book', 'LoanDetails', 'ccc5dcef-b164-4b63-a7dd-21a4c72bce64', 'Status: Loaned', 'Librarian successfull return the loan, Money: 0 VND', '2026-05-11 19:44:26.938010');
INSERT INTO `AuditLogs` (`Id`, `UserId`, `UserName`, `Action`, `EntityName`, `EntityId`, `OldValues`, `NewValues`, `Timestamp`) VALUES ('6966fa13-2954-4bda-a51d-98cccbe61ed4', 'fcb068c4-a760-4513-b3a2-fe6e5b9893a2', 'phat', 'Create Reservation', 'Reservation', 'ReservationSystem', '', 'Reader 7b31d855-636d-4805-8164-859096da6e83 reserved BookItem 9780140449137-001', '2026-05-13 02:15:55.694313');
INSERT INTO `AuditLogs` (`Id`, `UserId`, `UserName`, `Action`, `EntityName`, `EntityId`, `OldValues`, `NewValues`, `Timestamp`) VALUES ('18c3cefc-2fb5-4318-915e-998b42eb6512', 'd89ae8d4-0dd1-493a-9657-ba367f9fb188', 'librarian01', 'Update Reader', 'System', 'Auth', '', 'Reader profile updated at 5/11/2026 9:56:44 PM', '2026-05-11 21:56:44.334835');
INSERT INTO `AuditLogs` (`Id`, `UserId`, `UserName`, `Action`, `EntityName`, `EntityId`, `OldValues`, `NewValues`, `Timestamp`) VALUES ('208fbcdd-904b-4449-9203-9d3d1125aed0', 'a12838ee-015f-4fc5-8a26-8019eb265859', 'dat', 'Create Reservation', 'Reservation', 'ReservationSystem', '', 'Reader 30ea7c1c-20d9-498c-8887-da5ee0b683ab reserved BookItem 9780140449137-001', '2026-05-13 01:07:47.836738');
INSERT INTO `AuditLogs` (`Id`, `UserId`, `UserName`, `Action`, `EntityName`, `EntityId`, `OldValues`, `NewValues`, `Timestamp`) VALUES ('37c4743d-09ba-4a50-aad0-9d544803282b', 'd89ae8d4-0dd1-493a-9657-ba367f9fb188', 'librarian01', 'Return Physical Book', 'LoanDetails', '821c5cd6-6358-4e43-aa80-75c0e1f9947d', 'Status: Loaned', 'Librarian successfull return the loan, Money: 0 VND', '2026-05-11 20:16:56.670330');
INSERT INTO `AuditLogs` (`Id`, `UserId`, `UserName`, `Action`, `EntityName`, `EntityId`, `OldValues`, `NewValues`, `Timestamp`) VALUES ('587249ac-8d99-434a-804e-9ed6d42a4448', '3d840496-dd25-4874-8e2d-6a0b7ff30fbc', 'librarian02', 'Return Physical Book', 'LoanDetails', '548e3b77-68be-472c-aff8-6ab208783195', 'Status: Loaned', 'Librarian successfull return the loan, Money: 0 VND', '2026-05-05 02:59:01.444864');
INSERT INTO `AuditLogs` (`Id`, `UserId`, `UserName`, `Action`, `EntityName`, `EntityId`, `OldValues`, `NewValues`, `Timestamp`) VALUES ('841dd01a-9b25-4ae2-9650-a01821e5abac', '3d840496-dd25-4874-8e2d-6a0b7ff30fbc', 'librarian02', 'Update Book Status', 'BookItem', 'd2fe1743-1c79-499d-9666-229eb413a05e', 'Status Change', 'Changed to Available', '2026-05-13 02:35:52.524708');
INSERT INTO `AuditLogs` (`Id`, `UserId`, `UserName`, `Action`, `EntityName`, `EntityId`, `OldValues`, `NewValues`, `Timestamp`) VALUES ('56f741e1-41b8-405a-92b3-a05b0cae16e3', 'd89ae8d4-0dd1-493a-9657-ba367f9fb188', 'librarian01', 'Return Physical Book', 'LoanDetails', '6efa9f26-438b-4fd2-b9f3-e193d2c25da7', 'Status: Loaned', 'Librarian successfull return the loan, Money: 0 VND', '2026-05-05 07:04:31.065467');
INSERT INTO `AuditLogs` (`Id`, `UserId`, `UserName`, `Action`, `EntityName`, `EntityId`, `OldValues`, `NewValues`, `Timestamp`) VALUES ('5a29cd3c-9dbb-44ac-a76d-a116c0358a95', 'd89ae8d4-0dd1-493a-9657-ba367f9fb188', 'librarian01', 'Update Book', 'Library', 'Books', '', 'Updated book with ID: ee38ab40-8b5b-4d06-865f-13e573d19ca0 at 5/8/2026 1:25:01 AM', '2026-05-08 01:25:01.328042');
INSERT INTO `AuditLogs` (`Id`, `UserId`, `UserName`, `Action`, `EntityName`, `EntityId`, `OldValues`, `NewValues`, `Timestamp`) VALUES ('313c6a6f-69ba-456a-8333-a128a6c31255', 'd89ae8d4-0dd1-493a-9657-ba367f9fb188', 'librarian01', 'Restore Book Item', 'Library', 'Books', '', 'Restored item with Barcode: 9780140449133-002 at 5/8/2026 12:53:06 AM', '2026-05-08 00:53:06.532089');
INSERT INTO `AuditLogs` (`Id`, `UserId`, `UserName`, `Action`, `EntityName`, `EntityId`, `OldValues`, `NewValues`, `Timestamp`) VALUES ('c671401c-b191-4eac-9f52-a27b6f2442c1', 'a12838ee-015f-4fc5-8a26-8019eb265859', 'dat', 'Create Reservation', 'Reservation', 'ReservationSystem', '', 'Reader 30ea7c1c-20d9-498c-8887-da5ee0b683ab reserved BookItem 9780140449131-007', '2026-05-11 20:15:02.025176');
INSERT INTO `AuditLogs` (`Id`, `UserId`, `UserName`, `Action`, `EntityName`, `EntityId`, `OldValues`, `NewValues`, `Timestamp`) VALUES ('f7024180-0a84-4a03-b465-a899008189e0', 'fcb068c4-a760-4513-b3a2-fe6e5b9893a2', 'System/Reader', 'Create Online Loan', 'Loans', '8fdeecb8-89a7-4f9e-affa-9f597448af9b', '', 'Reader fcb068c4-a760-4513-b3a2-fe6e5b9893a2 created an online loan for 1 items at 5/5/2026 7:13:33 AM', '2026-05-05 07:13:33.149051');
INSERT INTO `AuditLogs` (`Id`, `UserId`, `UserName`, `Action`, `EntityName`, `EntityId`, `OldValues`, `NewValues`, `Timestamp`) VALUES ('48a17b3f-73cb-4927-9b3a-a89a250db74a', 'd89ae8d4-0dd1-493a-9657-ba367f9fb188', 'librarian01', 'Return Physical Book', 'LoanDetails', 'a0e971f9-6203-4f31-98f4-ed82fdc724bb', 'Status: Loaned', 'Librarian successfull return the loan, Money: 0 VND', '2026-05-07 22:15:26.267481');
INSERT INTO `AuditLogs` (`Id`, `UserId`, `UserName`, `Action`, `EntityName`, `EntityId`, `OldValues`, `NewValues`, `Timestamp`) VALUES ('7fa36387-091b-4853-9534-a923b048df86', 'd89ae8d4-0dd1-493a-9657-ba367f9fb188', 'librarian01', 'Update Book Status', 'BookItem', '9252b9d9-4362-4504-9c01-3cb4e0990094', 'Status Change', 'Changed to InRepair', '2026-05-12 14:45:47.895350');
INSERT INTO `AuditLogs` (`Id`, `UserId`, `UserName`, `Action`, `EntityName`, `EntityId`, `OldValues`, `NewValues`, `Timestamp`) VALUES ('9e8de5e4-0518-45ef-a9d7-aafba3d65323', 'd89ae8d4-0dd1-493a-9657-ba367f9fb188', 'librarian01', 'Restore Book Item', 'Library', 'Books', '', 'Restored item with Barcode: 9780140449133-003 at 5/8/2026 12:52:49 AM', '2026-05-08 00:52:49.651938');
INSERT INTO `AuditLogs` (`Id`, `UserId`, `UserName`, `Action`, `EntityName`, `EntityId`, `OldValues`, `NewValues`, `Timestamp`) VALUES ('13aedbf2-2958-4c5b-8caa-aca16595008d', '3d840496-dd25-4874-8e2d-6a0b7ff30fbc', 'librarian02', 'Update Reader', 'System', 'Auth', '', 'Reader profile updated at 5/11/2026 9:52:22 PM', '2026-05-11 21:52:22.670597');
INSERT INTO `AuditLogs` (`Id`, `UserId`, `UserName`, `Action`, `EntityName`, `EntityId`, `OldValues`, `NewValues`, `Timestamp`) VALUES ('cb954548-810b-44c2-a467-ae8194fbddd1', '3d840496-dd25-4874-8e2d-6a0b7ff30fbc', 'librarian02', 'Return Physical Book', 'LoanDetails', '78547ebc-f50e-4b44-a2db-aaafea3f422b', 'Status: Loaned', 'Librarian successfull return the loan, Money: 0 VND', '2026-05-12 14:57:42.187961');
INSERT INTO `AuditLogs` (`Id`, `UserId`, `UserName`, `Action`, `EntityName`, `EntityId`, `OldValues`, `NewValues`, `Timestamp`) VALUES ('cbe80b90-d70d-4496-bd2a-b006d60d232a', '3d840496-dd25-4874-8e2d-6a0b7ff30fbc', 'librarian02', 'Confirm Reservation', 'Reservation', 'ReservationSystem', '', 'Converted reservation eef52fc1-4f49-40fb-9494-e2e356516e7b to loan 560f16c9-6ecd-4cc1-94a7-25804ebe7e11', '2026-05-12 15:53:46.698518');
INSERT INTO `AuditLogs` (`Id`, `UserId`, `UserName`, `Action`, `EntityName`, `EntityId`, `OldValues`, `NewValues`, `Timestamp`) VALUES ('f34577ec-5639-4014-a5e2-b130afb76fba', 'd89ae8d4-0dd1-493a-9657-ba367f9fb188', 'librarian01', 'Update Book Status', 'BookItem', '9252b9d9-4362-4504-9c01-3cb4e0990094', 'Status Change', 'Changed to InRepair', '2026-05-12 14:52:11.834048');
INSERT INTO `AuditLogs` (`Id`, `UserId`, `UserName`, `Action`, `EntityName`, `EntityId`, `OldValues`, `NewValues`, `Timestamp`) VALUES ('0d732e37-6f60-4bca-8fb9-b2358da5f368', 'd89ae8d4-0dd1-493a-9657-ba367f9fb188', 'librarian01', 'Restore Book Item', 'Library', 'Books', '', 'Restored item with Barcode: 9780140449137-002 at 5/8/2026 12:20:44 PM', '2026-05-08 12:20:44.992733');
INSERT INTO `AuditLogs` (`Id`, `UserId`, `UserName`, `Action`, `EntityName`, `EntityId`, `OldValues`, `NewValues`, `Timestamp`) VALUES ('89994ec9-b491-46f6-be0a-b2fe1f611f3a', 'd89ae8d4-0dd1-493a-9657-ba367f9fb188', 'librarian01', 'Update Book Status', 'BookItem', '9252b9d9-4362-4504-9c01-3cb4e0990094', 'Status Change', 'Changed to Lost', '2026-05-12 14:52:15.212407');
INSERT INTO `AuditLogs` (`Id`, `UserId`, `UserName`, `Action`, `EntityName`, `EntityId`, `OldValues`, `NewValues`, `Timestamp`) VALUES ('5f5987b7-31a5-4c35-9d8f-b434d40e464a', 'd89ae8d4-0dd1-493a-9657-ba367f9fb188', 'librarian01', 'Return Physical Book', 'LoanDetails', 'e983acd6-f46b-4e97-9943-0636d52a1502', 'Status: Loaned', 'Librarian successfull return the loan, Money: 0 VND', '2026-05-11 20:16:49.169891');
INSERT INTO `AuditLogs` (`Id`, `UserId`, `UserName`, `Action`, `EntityName`, `EntityId`, `OldValues`, `NewValues`, `Timestamp`) VALUES ('4af388dc-9543-4369-823f-b4dc2dee45c4', 'd89ae8d4-0dd1-493a-9657-ba367f9fb188', 'librarian01', 'Delete Book Item', 'Library', 'Books', '', 'Deleted item with Barcode: 9780140449133-002 at 5/12/2026 2:54:15 PM', '2026-05-12 14:54:15.929187');
INSERT INTO `AuditLogs` (`Id`, `UserId`, `UserName`, `Action`, `EntityName`, `EntityId`, `OldValues`, `NewValues`, `Timestamp`) VALUES ('a714689f-5b0a-4245-bf49-b647fc271119', 'fcb068c4-a760-4513-b3a2-fe6e5b9893a2', 'System/Reader', 'Create Online Loan', 'Loans', 'c5a51bc1-e58d-4152-913a-e183d7cf476a', '', 'Reader fcb068c4-a760-4513-b3a2-fe6e5b9893a2 created an online loan for 1 items at 5/8/2026 9:44:07 PM', '2026-05-08 21:44:07.103509');
INSERT INTO `AuditLogs` (`Id`, `UserId`, `UserName`, `Action`, `EntityName`, `EntityId`, `OldValues`, `NewValues`, `Timestamp`) VALUES ('605f7534-111f-4c3a-b471-b82194d167f7', '3d840496-dd25-4874-8e2d-6a0b7ff30fbc', 'librarian02', 'Confirm Reservation', 'Reservation', 'ReservationSystem', '', 'Converted reservation 8708d8c0-1285-412b-b9e4-dfd869d40e12 to loan 5590ba88-3595-40dd-919c-c83cbb4958cc', '2026-05-12 14:00:21.034439');
INSERT INTO `AuditLogs` (`Id`, `UserId`, `UserName`, `Action`, `EntityName`, `EntityId`, `OldValues`, `NewValues`, `Timestamp`) VALUES ('7959af3a-0044-4198-ad25-b8c1e9b4527a', 'd89ae8d4-0dd1-493a-9657-ba367f9fb188', 'librarian01', 'Delete Book Item', 'Library', 'Books', '', 'Deleted item with Barcode: 9780140449133-002 at 5/8/2026 1:06:23 AM', '2026-05-08 01:06:23.334710');
INSERT INTO `AuditLogs` (`Id`, `UserId`, `UserName`, `Action`, `EntityName`, `EntityId`, `OldValues`, `NewValues`, `Timestamp`) VALUES ('fcc24ed0-93c6-47c8-883f-b945a2989706', 'a12838ee-015f-4fc5-8a26-8019eb265859', 'System/Reader', 'Create Online Loan', 'Loans', '2d81ff0a-212d-413f-a327-63cf8f236e62', '', 'Reader a12838ee-015f-4fc5-8a26-8019eb265859 created an online loan for 1 items at 5/5/2026 7:10:26 AM', '2026-05-05 07:10:26.127309');
INSERT INTO `AuditLogs` (`Id`, `UserId`, `UserName`, `Action`, `EntityName`, `EntityId`, `OldValues`, `NewValues`, `Timestamp`) VALUES ('f2f137e5-21b6-473a-b032-b98c5ac10266', '3d840496-dd25-4874-8e2d-6a0b7ff30fbc', 'librarian02', 'Update Book Status', 'BookItem', '9252b9d9-4362-4504-9c01-3cb4e0990094', 'Status Change', 'Changed to Lost', '2026-05-13 02:36:14.047852');
INSERT INTO `AuditLogs` (`Id`, `UserId`, `UserName`, `Action`, `EntityName`, `EntityId`, `OldValues`, `NewValues`, `Timestamp`) VALUES ('cf910065-42fa-4169-9011-bb0af86c16e0', 'd89ae8d4-0dd1-493a-9657-ba367f9fb188', 'librarian01', 'Return Physical Book', 'LoanDetails', 'c38f8db4-1b5a-4d1e-8da7-9d34cc001684', 'Status: Loaned', 'Librarian successfull return the loan, Money: 0 VND', '2026-05-08 18:11:16.749895');
INSERT INTO `AuditLogs` (`Id`, `UserId`, `UserName`, `Action`, `EntityName`, `EntityId`, `OldValues`, `NewValues`, `Timestamp`) VALUES ('f25b96ae-33d9-4b4d-bbc0-bd5992c0b272', 'd89ae8d4-0dd1-493a-9657-ba367f9fb188', 'librarian01', 'Delete Book Item', 'Library', 'Books', '', 'Deleted item with Barcode: 9780140449133-002 at 5/8/2026 12:31:11 AM', '2026-05-08 00:31:11.099705');
INSERT INTO `AuditLogs` (`Id`, `UserId`, `UserName`, `Action`, `EntityName`, `EntityId`, `OldValues`, `NewValues`, `Timestamp`) VALUES ('122d0dd2-c9ad-4d9d-801f-bd6005aeb3a5', '3d840496-dd25-4874-8e2d-6a0b7ff30fbc', 'librarian02', 'Update Reader', 'System', 'Auth', '', 'Reader profile updated at 5/11/2026 9:05:13 PM', '2026-05-11 21:05:13.643042');
INSERT INTO `AuditLogs` (`Id`, `UserId`, `UserName`, `Action`, `EntityName`, `EntityId`, `OldValues`, `NewValues`, `Timestamp`) VALUES ('f8fc97b1-f9e4-42a1-957c-bee33203dc3e', 'd89ae8d4-0dd1-493a-9657-ba367f9fb188', 'librarian01', 'Return Physical Book', 'LoanDetails', '0be3a793-1ac3-4b37-adc6-2e8cd083c2e0', 'Status: Loaned', 'Librarian successfull return the loan, Money: 0 VND', '2026-05-11 17:19:55.290492');
INSERT INTO `AuditLogs` (`Id`, `UserId`, `UserName`, `Action`, `EntityName`, `EntityId`, `OldValues`, `NewValues`, `Timestamp`) VALUES ('b775289b-ce9e-45f3-8877-bfa31a1750f6', 'fcb068c4-a760-4513-b3a2-fe6e5b9893a2', 'phat', 'Create Reservation', 'Reservation', 'ReservationSystem', '', 'Reader 7b31d855-636d-4805-8164-859096da6e83 reserved BookItem 9780140441234-001', '2026-05-12 13:56:04.259668');
INSERT INTO `AuditLogs` (`Id`, `UserId`, `UserName`, `Action`, `EntityName`, `EntityId`, `OldValues`, `NewValues`, `Timestamp`) VALUES ('b36a4ccb-2127-448e-a48b-c02cb2da234d', '3d840496-dd25-4874-8e2d-6a0b7ff30fbc', 'librarian02', 'Update Book Status', 'BookItem', 'c0c84bac-ef60-4c27-bf79-02e0d4e67515', 'Status Change', 'Changed to Available', '2026-05-13 02:16:34.495836');
INSERT INTO `AuditLogs` (`Id`, `UserId`, `UserName`, `Action`, `EntityName`, `EntityId`, `OldValues`, `NewValues`, `Timestamp`) VALUES ('01165df8-a5cd-4b89-965c-c468078e22d9', '3d840496-dd25-4874-8e2d-6a0b7ff30fbc', 'librarian02', 'Update Reader', 'System', 'Auth', '', 'Reader profile updated at 5/13/2026 3:42:36 AM', '2026-05-13 03:42:36.514793');
INSERT INTO `AuditLogs` (`Id`, `UserId`, `UserName`, `Action`, `EntityName`, `EntityId`, `OldValues`, `NewValues`, `Timestamp`) VALUES ('e2ebe714-be20-406c-8495-c557118d346d', 'd89ae8d4-0dd1-493a-9657-ba367f9fb188', 'librarian01', 'Delete Book Item', 'Library', 'Books', '', 'Deleted item with Barcode: 9780140449133-003 at 5/8/2026 1:02:14 AM', '2026-05-08 01:02:14.641309');
INSERT INTO `AuditLogs` (`Id`, `UserId`, `UserName`, `Action`, `EntityName`, `EntityId`, `OldValues`, `NewValues`, `Timestamp`) VALUES ('03bbd0b2-a914-49e3-be03-c90d1c62a9fa', '3d840496-dd25-4874-8e2d-6a0b7ff30fbc', 'librarian02', 'Update Book Status', 'BookItem', '5fc79a21-8d9a-4135-a506-9a8fb4777df8', 'Status Change', 'Changed to InRepair', '2026-05-13 02:36:50.999047');
INSERT INTO `AuditLogs` (`Id`, `UserId`, `UserName`, `Action`, `EntityName`, `EntityId`, `OldValues`, `NewValues`, `Timestamp`) VALUES ('db0153c2-6bfe-4d50-a9d3-caf985fc1ea0', 'd89ae8d4-0dd1-493a-9657-ba367f9fb188', 'librarian01', 'Return Physical Book', 'LoanDetails', '9d8c795f-5184-4b59-a727-8075800e18ee', 'Status: Loaned', 'Librarian successfull return the loan, Money: 0 VND', '2026-05-11 20:17:00.365090');
INSERT INTO `AuditLogs` (`Id`, `UserId`, `UserName`, `Action`, `EntityName`, `EntityId`, `OldValues`, `NewValues`, `Timestamp`) VALUES ('64d21753-e324-4030-896f-cb97578da27a', '3d840496-dd25-4874-8e2d-6a0b7ff30fbc', 'librarian02', 'Confirm Reservation', 'Reservation', 'ReservationSystem', '', 'Converted reservation a8d69aec-f06e-4ba4-bcae-8d24584f6811 to loan 6132cc05-1ec4-475d-9e1c-daa8fb1a8e63', '2026-05-13 03:43:42.893520');
INSERT INTO `AuditLogs` (`Id`, `UserId`, `UserName`, `Action`, `EntityName`, `EntityId`, `OldValues`, `NewValues`, `Timestamp`) VALUES ('9d19d37e-1bc1-4709-bd2e-cca9e87d8a1a', 'd89ae8d4-0dd1-493a-9657-ba367f9fb188', 'librarian01', 'Delete Book Item', 'Library', 'Books', '', 'Deleted item with Barcode: 9780140449137-003 at 5/8/2026 3:51:44 PM', '2026-05-08 15:51:44.529269');
INSERT INTO `AuditLogs` (`Id`, `UserId`, `UserName`, `Action`, `EntityName`, `EntityId`, `OldValues`, `NewValues`, `Timestamp`) VALUES ('089c42a3-7ec0-46f8-9022-ce3a8e9ac3b2', '3d840496-dd25-4874-8e2d-6a0b7ff30fbc', 'librarian02', 'Update Book Status', 'BookItem', 'c0c84bac-ef60-4c27-bf79-02e0d4e67515', 'Status Change', 'Changed to Available', '2026-05-13 02:35:58.226823');
INSERT INTO `AuditLogs` (`Id`, `UserId`, `UserName`, `Action`, `EntityName`, `EntityId`, `OldValues`, `NewValues`, `Timestamp`) VALUES ('b534fa5c-fd45-4a5b-8cc4-ce6ffea65f15', '3d840496-dd25-4874-8e2d-6a0b7ff30fbc', 'librarian02', 'Confirm Reservation', 'Reservation', 'ReservationSystem', '', 'Converted reservation a8e384cb-198b-4ed5-aa59-aa4abef8caa0 to loan 6d2ad630-dbe7-4ed4-aa5c-087aea71baa4', '2026-05-12 14:21:22.953127');
INSERT INTO `AuditLogs` (`Id`, `UserId`, `UserName`, `Action`, `EntityName`, `EntityId`, `OldValues`, `NewValues`, `Timestamp`) VALUES ('b4c7b38d-0087-4f51-9131-cfd5993d58d7', 'd89ae8d4-0dd1-493a-9657-ba367f9fb188', 'librarian01', 'Update Book Status', 'BookItem', '9252b9d9-4362-4504-9c01-3cb4e0990094', 'Status Change', 'Changed to Discarded', '2026-05-12 14:52:25.377936');
INSERT INTO `AuditLogs` (`Id`, `UserId`, `UserName`, `Action`, `EntityName`, `EntityId`, `OldValues`, `NewValues`, `Timestamp`) VALUES ('8a8aa02b-6cde-4342-8b2d-cfffea2fbe49', '9388b1f3-aed2-48c4-9781-d2559b3f59e0', 'quan', 'Self Register', 'Reader', 'Register', '', 'New reader Hong Quan registered self.', '2026-05-13 03:10:45.069457');
INSERT INTO `AuditLogs` (`Id`, `UserId`, `UserName`, `Action`, `EntityName`, `EntityId`, `OldValues`, `NewValues`, `Timestamp`) VALUES ('4e9d3bc7-c02b-411d-95a4-d0cde5e76f4e', '3d840496-dd25-4874-8e2d-6a0b7ff30fbc', 'librarian02', 'Update Book Status', 'BookItem', 'd48accf4-efa3-49a9-a61b-25baa09ef38c', 'Status Change', 'Changed to Available', '2026-05-13 02:46:04.075751');
INSERT INTO `AuditLogs` (`Id`, `UserId`, `UserName`, `Action`, `EntityName`, `EntityId`, `OldValues`, `NewValues`, `Timestamp`) VALUES ('b9374e93-f329-47c1-9452-d17a798912d2', 'fcb068c4-a760-4513-b3a2-fe6e5b9893a2', 'phat', 'Cancel Reservation', 'Reservation', 'ReservationSystem', '', 'Reservation 3bbdc774-aa36-473b-b6c7-a5856f56e3a9 was canceled', '2026-05-12 13:56:15.660284');
INSERT INTO `AuditLogs` (`Id`, `UserId`, `UserName`, `Action`, `EntityName`, `EntityId`, `OldValues`, `NewValues`, `Timestamp`) VALUES ('6069be73-5b1d-4bdb-9f59-d3e40d75773e', 'a12838ee-015f-4fc5-8a26-8019eb265859', 'dat', 'Create Reservation', 'Reservation', 'ReservationSystem', '', 'Reader 30ea7c1c-20d9-498c-8887-da5ee0b683ab reserved BookItem 9780140449137-001', '2026-05-11 20:14:54.488643');
INSERT INTO `AuditLogs` (`Id`, `UserId`, `UserName`, `Action`, `EntityName`, `EntityId`, `OldValues`, `NewValues`, `Timestamp`) VALUES ('0a43926b-b10e-4a81-bdad-d66de7169f9b', 'a12838ee-015f-4fc5-8a26-8019eb265859', 'dat', 'Create Reservation', 'Reservation', 'ReservationSystem', '', 'Reader 30ea7c1c-20d9-498c-8887-da5ee0b683ab reserved BookItem 9780140449137-002', '2026-05-13 01:07:41.576541');
INSERT INTO `AuditLogs` (`Id`, `UserId`, `UserName`, `Action`, `EntityName`, `EntityId`, `OldValues`, `NewValues`, `Timestamp`) VALUES ('4532517f-02e4-43b5-bf52-d724616062b2', '3d840496-dd25-4874-8e2d-6a0b7ff30fbc', 'librarian02', 'Restore Book Item', 'Library', 'Books', '', 'Restored item with Barcode: 9780140441299-008 at 5/13/2026 3:55:14 AM', '2026-05-13 03:55:14.045615');
INSERT INTO `AuditLogs` (`Id`, `UserId`, `UserName`, `Action`, `EntityName`, `EntityId`, `OldValues`, `NewValues`, `Timestamp`) VALUES ('fad93879-9275-4fce-ad97-d853dda37c67', 'fee1ee89-7d01-4702-b3e6-b3359b89bbbb', 'admin', 'Register/Create Librarian', 'System', 'Auth', '', 'Librarian registered/ created at 5/5/2026 12:55:35 AM', '2026-05-05 00:55:35.148067');
INSERT INTO `AuditLogs` (`Id`, `UserId`, `UserName`, `Action`, `EntityName`, `EntityId`, `OldValues`, `NewValues`, `Timestamp`) VALUES ('6d84e5ce-b43d-4b50-b8ca-d916adaeb95e', 'd89ae8d4-0dd1-493a-9657-ba367f9fb188', 'librarian01', 'Return Physical Book', 'LoanDetails', '7e9a5999-b935-4782-bd2a-9fb49a2540a4', 'Status: Loaned', 'Librarian successfull return the loan, Money: 0 VND', '2026-05-08 16:49:09.027258');
INSERT INTO `AuditLogs` (`Id`, `UserId`, `UserName`, `Action`, `EntityName`, `EntityId`, `OldValues`, `NewValues`, `Timestamp`) VALUES ('80cc9c37-49c3-478a-87da-dde2c508c59f', 'e8f29438-566d-4ce9-ab55-db1bb36102bf', 'khanh', 'Self Register', 'Reader', 'Register', '', 'New reader Le Van Khanh registered self.', '2026-05-12 13:58:05.948670');
INSERT INTO `AuditLogs` (`Id`, `UserId`, `UserName`, `Action`, `EntityName`, `EntityId`, `OldValues`, `NewValues`, `Timestamp`) VALUES ('7d52466d-d273-40dc-8f6e-de7ef70f4885', 'fcb068c4-a760-4513-b3a2-fe6e5b9893a2', 'System/Reader', 'Create Online Loan', 'Loans', 'e139f6d2-7b2c-462f-95c9-ec220d615b7e', '', 'Reader fcb068c4-a760-4513-b3a2-fe6e5b9893a2 created an online loan for 1 items at 5/5/2026 2:57:55 AM', '2026-05-05 02:57:55.392974');
INSERT INTO `AuditLogs` (`Id`, `UserId`, `UserName`, `Action`, `EntityName`, `EntityId`, `OldValues`, `NewValues`, `Timestamp`) VALUES ('1ee98d98-1c65-4ae5-b4d5-df9435121390', '3d840496-dd25-4874-8e2d-6a0b7ff30fbc', 'librarian02', 'Confirm Reservation', 'Reservation', 'ReservationSystem', '', 'Converted reservation 81556457-d137-40bb-ab88-5dc49cd6a7d2 to loan d80be87f-eb9e-45a3-8952-aa07c6a46ac3', '2026-05-13 01:16:09.897557');
INSERT INTO `AuditLogs` (`Id`, `UserId`, `UserName`, `Action`, `EntityName`, `EntityId`, `OldValues`, `NewValues`, `Timestamp`) VALUES ('0b5162cd-bc75-46c9-9581-dfc6020952ff', 'd89ae8d4-0dd1-493a-9657-ba367f9fb188', 'librarian01', 'Restore Book Item', 'Library', 'Books', '', 'Restored item with Barcode: 9780140449137-001 at 5/8/2026 12:20:52 PM', '2026-05-08 12:20:52.605115');
INSERT INTO `AuditLogs` (`Id`, `UserId`, `UserName`, `Action`, `EntityName`, `EntityId`, `OldValues`, `NewValues`, `Timestamp`) VALUES ('9dfea184-a0b8-45b2-abf2-e261038b76f1', 'd89ae8d4-0dd1-493a-9657-ba367f9fb188', 'librarian01', 'Restore Book Item', 'Library', 'Books', '', 'Restored item with Barcode: 9780140449133-002 at 5/8/2026 12:31:14 AM', '2026-05-08 00:31:14.575880');
INSERT INTO `AuditLogs` (`Id`, `UserId`, `UserName`, `Action`, `EntityName`, `EntityId`, `OldValues`, `NewValues`, `Timestamp`) VALUES ('bde1fc71-2531-493f-9dd1-e2a9254169b0', 'd89ae8d4-0dd1-493a-9657-ba367f9fb188', 'librarian01', 'Update Book Status', 'BookItem', '00165598-7a6d-4917-a7ca-11f7c58c9574', 'Status Change', 'Changed to InRepair', '2026-05-12 14:53:41.826678');
INSERT INTO `AuditLogs` (`Id`, `UserId`, `UserName`, `Action`, `EntityName`, `EntityId`, `OldValues`, `NewValues`, `Timestamp`) VALUES ('3cfd16fd-1612-4104-8e33-e34ac116e718', 'd89ae8d4-0dd1-493a-9657-ba367f9fb188', 'librarian01', 'Return Physical Book', 'LoanDetails', 'c0a0b16e-f887-49c9-a530-7a3a91640d27', 'Status: Loaned', 'Librarian successfull return the loan, Money: 0 VND', '2026-05-08 18:11:12.425964');
INSERT INTO `AuditLogs` (`Id`, `UserId`, `UserName`, `Action`, `EntityName`, `EntityId`, `OldValues`, `NewValues`, `Timestamp`) VALUES ('141c842e-2609-4740-92a7-e355703f9c9e', '3d840496-dd25-4874-8e2d-6a0b7ff30fbc', 'librarian02', 'Update Book Status', 'BookItem', 'bcb26f30-f4f5-4c5b-ac23-4187b8ba0165', 'Status Change', 'Changed to Discarded', '2026-05-13 03:55:06.016896');
INSERT INTO `AuditLogs` (`Id`, `UserId`, `UserName`, `Action`, `EntityName`, `EntityId`, `OldValues`, `NewValues`, `Timestamp`) VALUES ('cbd81d88-2603-43b9-a5ed-e3c62dd13e54', 'd89ae8d4-0dd1-493a-9657-ba367f9fb188', 'librarian01', 'Restore Book Item', 'Library', 'Books', '', 'Restored item with Barcode: 9780140449133-001 at 5/8/2026 12:53:18 AM', '2026-05-08 00:53:18.685565');
INSERT INTO `AuditLogs` (`Id`, `UserId`, `UserName`, `Action`, `EntityName`, `EntityId`, `OldValues`, `NewValues`, `Timestamp`) VALUES ('31dae3e7-45f9-49f3-b6cf-e3e6a378d41e', 'fcb068c4-a760-4513-b3a2-fe6e5b9893a2', 'System/Reader', 'Create Online Loan', 'Loans', '3bb923e7-207f-4d34-9e2e-fa40fb95d990', '', 'Reader fcb068c4-a760-4513-b3a2-fe6e5b9893a2 created an online loan for 1 items at 5/4/2026 10:48:10 PM', '2026-05-04 22:48:10.304202');
INSERT INTO `AuditLogs` (`Id`, `UserId`, `UserName`, `Action`, `EntityName`, `EntityId`, `OldValues`, `NewValues`, `Timestamp`) VALUES ('80dcb101-1ad7-439c-8bf6-e554fea55cfa', 'fcb068c4-a760-4513-b3a2-fe6e5b9893a2', 'phat', 'Create Reservation', 'Reservation', 'ReservationSystem', '', 'Reader 7b31d855-636d-4805-8164-859096da6e83 reserved BookItem 9780140449133-003', '2026-05-12 15:47:21.772442');
INSERT INTO `AuditLogs` (`Id`, `UserId`, `UserName`, `Action`, `EntityName`, `EntityId`, `OldValues`, `NewValues`, `Timestamp`) VALUES ('295b6efc-f260-4a2c-aa43-e564d45c974a', 'd89ae8d4-0dd1-493a-9657-ba367f9fb188', 'librarian01', 'Confirm Reservation', 'Reservation', 'ReservationSystem', '', 'Converted reservation dfd20782-1c80-429e-8cf2-5fb9f0373ea0 to loan 2afdda06-e46b-4753-b0dc-e1971cb772b3', '2026-05-11 20:16:28.357794');
INSERT INTO `AuditLogs` (`Id`, `UserId`, `UserName`, `Action`, `EntityName`, `EntityId`, `OldValues`, `NewValues`, `Timestamp`) VALUES ('2e2ab871-6b3b-4af2-baf6-eb82c830ba1f', '3d840496-dd25-4874-8e2d-6a0b7ff30fbc', 'librarian02', 'Delete Book Item', 'Library', 'Books', '', 'Deleted item with Barcode: 9780140449131-002 at 5/13/2026 2:17:53 AM', '2026-05-13 02:17:53.914119');
INSERT INTO `AuditLogs` (`Id`, `UserId`, `UserName`, `Action`, `EntityName`, `EntityId`, `OldValues`, `NewValues`, `Timestamp`) VALUES ('20841d55-fb02-4a05-8da5-ee9a41e11d2d', 'a12838ee-015f-4fc5-8a26-8019eb265859', 'System/Reader', 'Create Online Loan', 'Loans', 'f1898054-8419-4f07-b3e7-90cc1728e98a', '', 'Reader a12838ee-015f-4fc5-8a26-8019eb265859 created an online loan for 1 items at 5/8/2026 9:44:32 PM', '2026-05-08 21:44:32.351245');
INSERT INTO `AuditLogs` (`Id`, `UserId`, `UserName`, `Action`, `EntityName`, `EntityId`, `OldValues`, `NewValues`, `Timestamp`) VALUES ('e10a2924-5f41-438e-819c-f36844b421a7', 'fcb068c4-a760-4513-b3a2-fe6e5b9893a2', 'phat', 'Create Reservation', 'Reservation', 'ReservationSystem', '', 'Reader 7b31d855-636d-4805-8164-859096da6e83 reserved BookItem 9780140449131-005', '2026-05-13 02:16:01.810094');
INSERT INTO `AuditLogs` (`Id`, `UserId`, `UserName`, `Action`, `EntityName`, `EntityId`, `OldValues`, `NewValues`, `Timestamp`) VALUES ('c947ba91-2d6b-4e20-8a9a-f401089af2ee', '3d840496-dd25-4874-8e2d-6a0b7ff30fbc', 'librarian02', 'Update Book Status', 'BookItem', '8f69b6ad-655c-49bd-838e-3ea75e72a01a', 'Status Change', 'Changed to Available', '2026-05-13 02:18:08.424556');
INSERT INTO `AuditLogs` (`Id`, `UserId`, `UserName`, `Action`, `EntityName`, `EntityId`, `OldValues`, `NewValues`, `Timestamp`) VALUES ('5537357d-cdd0-4ea2-9bae-f43ebcf29ca5', 'fcb068c4-a760-4513-b3a2-fe6e5b9893a2', 'System/Reader', 'Create Online Loan', 'Loans', 'df489d27-77e9-4773-8465-b9caaefacea7', '', 'Reader fcb068c4-a760-4513-b3a2-fe6e5b9893a2 created an online loan for 1 items at 5/8/2026 5:10:37 PM', '2026-05-08 17:10:37.180154');
INSERT INTO `AuditLogs` (`Id`, `UserId`, `UserName`, `Action`, `EntityName`, `EntityId`, `OldValues`, `NewValues`, `Timestamp`) VALUES ('d32fcf95-9ddb-4afd-ab93-f4887f0b91ae', 'd89ae8d4-0dd1-493a-9657-ba367f9fb188', 'librarian01', 'Confirm Reservation', 'Reservation', 'ReservationSystem', '', 'Converted reservation b48dffbc-de9a-43ca-b055-1def5932ac9f to loan 479286bc-7d90-4fbe-9d2b-46bfa0922f4a', '2026-05-11 20:16:23.069439');
INSERT INTO `AuditLogs` (`Id`, `UserId`, `UserName`, `Action`, `EntityName`, `EntityId`, `OldValues`, `NewValues`, `Timestamp`) VALUES ('12dcf71d-d66f-4ee0-9d6a-f4c59cde21bd', 'd89ae8d4-0dd1-493a-9657-ba367f9fb188', 'librarian01', 'Restore Book Item', 'Library', 'Books', '', 'Restored item with Barcode: 9780140449137-003 at 5/12/2026 2:53:26 PM', '2026-05-12 14:53:26.836898');
INSERT INTO `AuditLogs` (`Id`, `UserId`, `UserName`, `Action`, `EntityName`, `EntityId`, `OldValues`, `NewValues`, `Timestamp`) VALUES ('42d5b2c7-7eef-44ed-9ff8-f6828c122118', 'd89ae8d4-0dd1-493a-9657-ba367f9fb188', 'librarian01', 'Return Physical Book', 'LoanDetails', '24e2354a-05a4-4f10-aa48-17ec6f19c34b', 'Status: Loaned', 'Librarian successfull return the loan, Money: 0 VND', '2026-05-04 22:30:04.516972');
INSERT INTO `AuditLogs` (`Id`, `UserId`, `UserName`, `Action`, `EntityName`, `EntityId`, `OldValues`, `NewValues`, `Timestamp`) VALUES ('9e3b4e0d-257c-41f7-a5d0-f731490efe8e', '3d840496-dd25-4874-8e2d-6a0b7ff30fbc', 'librarian02', 'Confirm Reservation', 'Reservation', 'ReservationSystem', '', 'Converted reservation c891609c-09fe-46e3-9816-0d487ce6799c to loan fa4e9184-d206-451f-8dbe-0581b091b401', '2026-05-13 03:46:56.633117');
INSERT INTO `AuditLogs` (`Id`, `UserId`, `UserName`, `Action`, `EntityName`, `EntityId`, `OldValues`, `NewValues`, `Timestamp`) VALUES ('6eab0ffa-5d1a-4eca-a0e5-f8d7c44d9b61', 'fcb068c4-a760-4513-b3a2-fe6e5b9893a2', 'phat', 'Create Reservation', 'Reservation', 'ReservationSystem', '', 'Reader 7b31d855-636d-4805-8164-859096da6e83 reserved BookItem 9780140441234-001', '2026-05-13 02:44:43.889965');
INSERT INTO `AuditLogs` (`Id`, `UserId`, `UserName`, `Action`, `EntityName`, `EntityId`, `OldValues`, `NewValues`, `Timestamp`) VALUES ('2c5cdfb6-3df9-4b02-b0e6-fb9d9ca95bbb', 'a12838ee-015f-4fc5-8a26-8019eb265859', 'dat', 'Create Reservation', 'Reservation', 'ReservationSystem', '', 'Reader 30ea7c1c-20d9-498c-8887-da5ee0b683ab reserved BookItem 9780140441234-003', '2026-05-11 20:15:12.991071');
INSERT INTO `AuditLogs` (`Id`, `UserId`, `UserName`, `Action`, `EntityName`, `EntityId`, `OldValues`, `NewValues`, `Timestamp`) VALUES ('620676a0-22bb-49fe-9461-fe36ff033b5d', 'e8f29438-566d-4ce9-ab55-db1bb36102bf', 'khanh', 'Create Reservation', 'Reservation', 'ReservationSystem', '', 'Reader dea67741-6d90-4bd9-8624-992e1d876b9f reserved BookItem 9780140449131-005', '2026-05-12 14:55:19.508132');
INSERT INTO `AuditLogs` (`Id`, `UserId`, `UserName`, `Action`, `EntityName`, `EntityId`, `OldValues`, `NewValues`, `Timestamp`) VALUES ('f670e9e1-4606-4d41-b542-ffe8e0b9cf37', 'd89ae8d4-0dd1-493a-9657-ba367f9fb188', 'librarian01', 'Confirm Reservation', 'Reservation', 'ReservationSystem', '', 'Converted reservation c89f9f15-d7d2-46e9-9f50-0e300c62c1b8 to loan af277d5e-7d22-4cf6-9920-02b00dc73f60', '2026-05-11 20:16:18.605315');
INSERT INTO `BookItems` (`Id`, `Barcode`, `ShelfLocation`, `Status`, `BookId`, `IsDeleted`) VALUES ('c0c84bac-ef60-4c27-bf79-02e0d4e67515', '9780140449137-002', 'A-110', 'Available', '37030b16-b10f-4550-8b74-e9cae9c95efb', 0);
INSERT INTO `BookItems` (`Id`, `Barcode`, `ShelfLocation`, `Status`, `BookId`, `IsDeleted`) VALUES ('d2329915-c2a4-43ba-b3e4-0566761f1032', '9780140449131-005', 'Novel A-01', 'Available', '35471aef-051d-47b1-91ca-f1e055ffb17d', 0);
INSERT INTO `BookItems` (`Id`, `Barcode`, `ShelfLocation`, `Status`, `BookId`, `IsDeleted`) VALUES ('00165598-7a6d-4917-a7ca-11f7c58c9574', '9780140449131-002', 'Novel A-01', 'Available', '35471aef-051d-47b1-91ca-f1e055ffb17d', 0);
INSERT INTO `BookItems` (`Id`, `Barcode`, `ShelfLocation`, `Status`, `BookId`, `IsDeleted`) VALUES ('72e392bf-7560-4336-82f1-1373ff616e29', '9780140449131-008', 'Novel A-01', 'Available', '35471aef-051d-47b1-91ca-f1e055ffb17d', 0);
INSERT INTO `BookItems` (`Id`, `Barcode`, `ShelfLocation`, `Status`, `BookId`, `IsDeleted`) VALUES ('d2fe1743-1c79-499d-9666-229eb413a05e', '9780140449133-003', 'A-02', 'Available', '74f74a04-1c26-4d56-9430-cf5bc5fb5b10', 0);
INSERT INTO `BookItems` (`Id`, `Barcode`, `ShelfLocation`, `Status`, `BookId`, `IsDeleted`) VALUES ('9068698c-87e2-4ff0-a016-22f0f53d4af4', '9780140449137-003', 'A-110', 'Available', '37030b16-b10f-4550-8b74-e9cae9c95efb', 0);
INSERT INTO `BookItems` (`Id`, `Barcode`, `ShelfLocation`, `Status`, `BookId`, `IsDeleted`) VALUES ('d48accf4-efa3-49a9-a61b-25baa09ef38c', '9780140441234-002', 'A-05', 'Available', 'ee38ab40-8b5b-4d06-865f-13e573d19ca0', 0);
INSERT INTO `BookItems` (`Id`, `Barcode`, `ShelfLocation`, `Status`, `BookId`, `IsDeleted`) VALUES ('9252b9d9-4362-4504-9c01-3cb4e0990094', '9780140441234-003', 'A-05', 'Discarded', 'ee38ab40-8b5b-4d06-865f-13e573d19ca0', 1);
INSERT INTO `BookItems` (`Id`, `Barcode`, `ShelfLocation`, `Status`, `BookId`, `IsDeleted`) VALUES ('1081e398-a357-4f29-8cd6-3db1a36d892b', '9780140449131-007', 'Novel A-01', 'Available', '35471aef-051d-47b1-91ca-f1e055ffb17d', 0);
INSERT INTO `BookItems` (`Id`, `Barcode`, `ShelfLocation`, `Status`, `BookId`, `IsDeleted`) VALUES ('8f69b6ad-655c-49bd-838e-3ea75e72a01a', '9780140449137-001', 'A-110', 'Available', '37030b16-b10f-4550-8b74-e9cae9c95efb', 0);
INSERT INTO `BookItems` (`Id`, `Barcode`, `ShelfLocation`, `Status`, `BookId`, `IsDeleted`) VALUES ('b7f5f2a6-acd4-4824-9ce2-3eb85046f9b8', '9780140441299-002', 'E-01', 'Reserved', 'a2c8791f-d121-4161-85cf-549133baa2c9', 0);
INSERT INTO `BookItems` (`Id`, `Barcode`, `ShelfLocation`, `Status`, `BookId`, `IsDeleted`) VALUES ('bcb26f30-f4f5-4c5b-ac23-4187b8ba0165', '9780140441299-008', 'E-01', 'Available', 'a2c8791f-d121-4161-85cf-549133baa2c9', 0);
INSERT INTO `BookItems` (`Id`, `Barcode`, `ShelfLocation`, `Status`, `BookId`, `IsDeleted`) VALUES ('8f21ca2e-77c2-4b41-9fd4-439224149df4', '9780140449131-004', 'Novel A-01', 'Available', '35471aef-051d-47b1-91ca-f1e055ffb17d', 0);
INSERT INTO `BookItems` (`Id`, `Barcode`, `ShelfLocation`, `Status`, `BookId`, `IsDeleted`) VALUES ('cca92dd5-6cb8-4f39-a7f8-52cdca9f2d22', '9780140441299-007', 'E-01', 'Lost', 'a2c8791f-d121-4161-85cf-549133baa2c9', 0);
INSERT INTO `BookItems` (`Id`, `Barcode`, `ShelfLocation`, `Status`, `BookId`, `IsDeleted`) VALUES ('041d805d-65b4-48ca-9b74-669a55397913', '9780140449133-002', 'A-02', 'Loaned', '74f74a04-1c26-4d56-9430-cf5bc5fb5b10', 0);
INSERT INTO `BookItems` (`Id`, `Barcode`, `ShelfLocation`, `Status`, `BookId`, `IsDeleted`) VALUES ('15fee5e3-1897-4791-b318-7d00f5ac6a36', '9780140441299-009', 'E-01', 'Loaned', 'a2c8791f-d121-4161-85cf-549133baa2c9', 0);
INSERT INTO `BookItems` (`Id`, `Barcode`, `ShelfLocation`, `Status`, `BookId`, `IsDeleted`) VALUES ('cd002661-9d81-48b2-aad1-90095ba164d8', '9780140441299-004', 'E-01', 'Available', 'a2c8791f-d121-4161-85cf-549133baa2c9', 0);
INSERT INTO `BookItems` (`Id`, `Barcode`, `ShelfLocation`, `Status`, `BookId`, `IsDeleted`) VALUES ('5fc79a21-8d9a-4135-a506-9a8fb4777df8', '9780140441234-005', 'A-05', 'InRepair', 'ee38ab40-8b5b-4d06-865f-13e573d19ca0', 0);
INSERT INTO `BookItems` (`Id`, `Barcode`, `ShelfLocation`, `Status`, `BookId`, `IsDeleted`) VALUES ('9a863823-87ed-467f-a25d-9d86c3182d58', '9780140449131-003', 'Novel A-01', 'Available', '35471aef-051d-47b1-91ca-f1e055ffb17d', 0);
INSERT INTO `BookItems` (`Id`, `Barcode`, `ShelfLocation`, `Status`, `BookId`, `IsDeleted`) VALUES ('e0aa3768-a7d1-492b-8d68-aafd183be4b5', '9780140441299-003', 'E-01', 'Available', 'a2c8791f-d121-4161-85cf-549133baa2c9', 0);
INSERT INTO `BookItems` (`Id`, `Barcode`, `ShelfLocation`, `Status`, `BookId`, `IsDeleted`) VALUES ('d6522a93-9a00-4674-ae1f-bbc6fe6a8662', '9780140449131-001', 'Novel A-01', 'Available', '35471aef-051d-47b1-91ca-f1e055ffb17d', 0);
INSERT INTO `BookItems` (`Id`, `Barcode`, `ShelfLocation`, `Status`, `BookId`, `IsDeleted`) VALUES ('649a90f7-a18c-4113-8167-c1704dffc2c1', '9780140441299-005', 'E-01', 'Available', 'a2c8791f-d121-4161-85cf-549133baa2c9', 0);
INSERT INTO `BookItems` (`Id`, `Barcode`, `ShelfLocation`, `Status`, `BookId`, `IsDeleted`) VALUES ('73bfb8d9-a3d1-433b-a1af-c7124b887a30', 'DIGITAL-9780140449132', 'Cloud Storage', 'Available', '54d73b27-12df-4aab-adad-2143a43bc298', 0);
INSERT INTO `BookItems` (`Id`, `Barcode`, `ShelfLocation`, `Status`, `BookId`, `IsDeleted`) VALUES ('a1b2ead1-5bb1-4461-8a79-d1bb81adfd3c', '9780140441234-001', 'A-05', 'InRepair', 'ee38ab40-8b5b-4d06-865f-13e573d19ca0', 0);
INSERT INTO `BookItems` (`Id`, `Barcode`, `ShelfLocation`, `Status`, `BookId`, `IsDeleted`) VALUES ('8cf1c5d4-96a3-48d8-8cf4-d1f135e112a0', '9780140449131-006', 'Novel A-01', 'Available', '35471aef-051d-47b1-91ca-f1e055ffb17d', 0);
INSERT INTO `BookItems` (`Id`, `Barcode`, `ShelfLocation`, `Status`, `BookId`, `IsDeleted`) VALUES ('33776f55-88fe-47ca-b373-d258e66c42b2', '9780140441234-004', 'A-05', 'Available', 'ee38ab40-8b5b-4d06-865f-13e573d19ca0', 0);
INSERT INTO `BookItems` (`Id`, `Barcode`, `ShelfLocation`, `Status`, `BookId`, `IsDeleted`) VALUES ('1966d24f-ec10-485b-9da3-eaa4472560f1', '9780140441299-001', 'E-01', 'Available', 'a2c8791f-d121-4161-85cf-549133baa2c9', 0);
INSERT INTO `BookItems` (`Id`, `Barcode`, `ShelfLocation`, `Status`, `BookId`, `IsDeleted`) VALUES ('d858ac26-282a-4838-bceb-eab8410a6ceb', '9780140441299-006', 'E-01', 'Available', 'a2c8791f-d121-4161-85cf-549133baa2c9', 0);
INSERT INTO `BookItems` (`Id`, `Barcode`, `ShelfLocation`, `Status`, `BookId`, `IsDeleted`) VALUES ('d63058af-8283-4d41-8c7d-edeeb75da564', '9780140441299-010', 'E-01', 'Available', 'a2c8791f-d121-4161-85cf-549133baa2c9', 0);
INSERT INTO `BookItems` (`Id`, `Barcode`, `ShelfLocation`, `Status`, `BookId`, `IsDeleted`) VALUES ('a7553dcf-1849-4007-ab8a-ee244d2393f2', '9780140449133-001', 'A-02', 'Available', '74f74a04-1c26-4d56-9430-cf5bc5fb5b10', 0);
INSERT INTO `Books` (`Id`, `Title`, `ISBN`, `CoverImageUrl`, `Description`, `Author`, `IsDigital`, `DigitalFilePath`, `LicenseExpiryDate`, `PublisherId`, `SupplierId`, `CategoryId`, `Status`, `IsDeleted`) VALUES ('ee38ab40-8b5b-4d06-865f-13e573d19ca0', 'Kafka bên bờ biển', '9780140441234', '/assets/covers/4b660f1e-345c-41e4-b0b7-a83820b42c6a.jpg', 'Sách hay, đáng để đọc', 'Haruki Murakami', 0, NULL, NULL, 'b49185c9-6dce-483a-86ea-143a32dbe5cf', '659062d3-890a-478d-8b3e-b34e40cddd8b', '407bd6af-25f0-4d2f-a367-9892acf3966b', 'Available', 0);
INSERT INTO `Books` (`Id`, `Title`, `ISBN`, `CoverImageUrl`, `Description`, `Author`, `IsDigital`, `DigitalFilePath`, `LicenseExpiryDate`, `PublisherId`, `SupplierId`, `CategoryId`, `Status`, `IsDeleted`) VALUES ('54d73b27-12df-4aab-adad-2143a43bc298', 'Crime and Punishment', '9780140449132', '/assets/covers/1f9a11fc-589f-42ae-adcb-8b7de00e2630.png', 'Top novel', 'Fyodor Dostoyevsky', 1, 'https://drive.google.com/drive/folders/1aY7Laytl5mQoPxWuT8WdxVFvFGe1A_mo', '2027-05-04 13:57:55.814727', 'b49185c9-6dce-483a-86ea-143a32dbe5cf', '659062d3-890a-478d-8b3e-b34e40cddd8b', '407bd6af-25f0-4d2f-a367-9892acf3966b', 'Available', 0);
INSERT INTO `Books` (`Id`, `Title`, `ISBN`, `CoverImageUrl`, `Description`, `Author`, `IsDigital`, `DigitalFilePath`, `LicenseExpiryDate`, `PublisherId`, `SupplierId`, `CategoryId`, `Status`, `IsDeleted`) VALUES ('a2c8791f-d121-4161-85cf-549133baa2c9', 'Data Structure ', '9780140441299', '/assets/covers/1d554fdf-e641-45b1-8e33-500b59d4719d.png', 'Viết đại', 'Alfred V. Aho, John E. Hopcroft, Jeffrey, D.Ullman', 0, NULL, NULL, '326f1fd9-08bc-46e7-a72c-366bb7cc60c0', '659062d3-890a-478d-8b3e-b34e40cddd8b', '56daba70-2b2b-44c6-b43a-920a60af60eb', 'Available', 0);
INSERT INTO `Books` (`Id`, `Title`, `ISBN`, `CoverImageUrl`, `Description`, `Author`, `IsDigital`, `DigitalFilePath`, `LicenseExpiryDate`, `PublisherId`, `SupplierId`, `CategoryId`, `Status`, `IsDeleted`) VALUES ('74f74a04-1c26-4d56-9430-cf5bc5fb5b10', 'Steppenwolf', '9780140449133', '/assets/covers/65fb1121-ab15-4eb9-add7-f62b72245b47.jpg', 'Top novel', 'Herman Hesse', 0, NULL, NULL, 'b49185c9-6dce-483a-86ea-143a32dbe5cf', '659062d3-890a-478d-8b3e-b34e40cddd8b', '407bd6af-25f0-4d2f-a367-9892acf3966b', 'Available', 0);
INSERT INTO `Books` (`Id`, `Title`, `ISBN`, `CoverImageUrl`, `Description`, `Author`, `IsDigital`, `DigitalFilePath`, `LicenseExpiryDate`, `PublisherId`, `SupplierId`, `CategoryId`, `Status`, `IsDeleted`) VALUES ('37030b16-b10f-4550-8b74-e9cae9c95efb', 'Fraust', '9780140449137', '/assets/covers/48262532-ee18-4c27-80cc-6b153cfef34c.jpg', 'A tragic play and Goethe''s most famous fiction.', 'Johann Wolfgang von Goethe', 0, NULL, NULL, 'b49185c9-6dce-483a-86ea-143a32dbe5cf', '6e4d8144-2df3-4020-b565-bc664fc3816e', '407bd6af-25f0-4d2f-a367-9892acf3966b', 'Available', 0);
INSERT INTO `Books` (`Id`, `Title`, `ISBN`, `CoverImageUrl`, `Description`, `Author`, `IsDigital`, `DigitalFilePath`, `LicenseExpiryDate`, `PublisherId`, `SupplierId`, `CategoryId`, `Status`, `IsDeleted`) VALUES ('35471aef-051d-47b1-91ca-f1e055ffb17d', 'Tội ác và hình phạt', '9780140449131', '/assets/covers/fe1fd90f-bdad-4ac7-936f-40fb06756835.png', 'Top novel', 'Fyodor Dostoyevsky', 0, NULL, NULL, 'b49185c9-6dce-483a-86ea-143a32dbe5cf', '659062d3-890a-478d-8b3e-b34e40cddd8b', '407bd6af-25f0-4d2f-a367-9892acf3966b', 'Available', 0);
INSERT INTO `Categories` (`Id`, `Name`, `Description`, `ParentCategoryId`) VALUES ('56daba70-2b2b-44c6-b43a-920a60af60eb', 'Giáo trình', 'Giáo trình đại học', NULL);
INSERT INTO `Categories` (`Id`, `Name`, `Description`, `ParentCategoryId`) VALUES ('407bd6af-25f0-4d2f-a367-9892acf3966b', 'Tiểu thuyết', 'Các tác phẩm văn học tự sự hình tượng', NULL);
INSERT INTO `Categories` (`Id`, `Name`, `Description`, `ParentCategoryId`) VALUES ('f0d95f2f-5a29-46b0-b827-ea77b3bfbde3', 'Sách giáo khoa', 'Sách giáo khoa là sách giáo khoa', NULL);
INSERT INTO `LoanDetails` (`Id`, `LoanId`, `BookItemId`, `DueDate`, `ReturnDate`, `Status`, `RenewalCount`, `AccessToken`, `FineAmount`, `FineCurrency`) VALUES ('11e6f6c7-068a-49da-b217-05160f5fccf5', '00f5522e-7e2d-4b97-a19e-424fdc30efa0', '9252b9d9-4362-4504-9c01-3cb4e0990094', '2026-05-22 17:20:45.134283', '2026-05-08 18:11:06.691468', 'Returned', 0, NULL, 0.00, 'VND');
INSERT INTO `LoanDetails` (`Id`, `LoanId`, `BookItemId`, `DueDate`, `ReturnDate`, `Status`, `RenewalCount`, `AccessToken`, `FineAmount`, `FineCurrency`) VALUES ('e983acd6-f46b-4e97-9943-0636d52a1502', '2afdda06-e46b-4753-b0dc-e1971cb772b3', 'd2fe1743-1c79-499d-9666-229eb413a05e', '2026-05-25 20:16:28.356418', '2026-05-11 20:16:49.168061', 'Returned', 0, NULL, 0.00, 'VND');
INSERT INTO `LoanDetails` (`Id`, `LoanId`, `BookItemId`, `DueDate`, `ReturnDate`, `Status`, `RenewalCount`, `AccessToken`, `FineAmount`, `FineCurrency`) VALUES ('f4d0fac4-d4bb-4fea-9001-071ddd40cc06', 'd60daa0a-955b-455a-8b9b-4ecffa63bac5', '15fee5e3-1897-4791-b318-7d00f5ac6a36', '2026-06-03 03:54:48.270260', NULL, 'Active', 1, NULL, 0.00, 'VND');
INSERT INTO `LoanDetails` (`Id`, `LoanId`, `BookItemId`, `DueDate`, `ReturnDate`, `Status`, `RenewalCount`, `AccessToken`, `FineAmount`, `FineCurrency`) VALUES ('0309992a-52b7-4498-baf7-12fdffbcfe72', 'd6a88989-03eb-415a-990e-3ed4b8ce0995', 'd2fe1743-1c79-499d-9666-229eb413a05e', '2026-05-27 02:35:22.669905', '2026-05-13 02:35:34.601809', 'Lost', 0, NULL, 0.00, 'VND');
INSERT INTO `LoanDetails` (`Id`, `LoanId`, `BookItemId`, `DueDate`, `ReturnDate`, `Status`, `RenewalCount`, `AccessToken`, `FineAmount`, `FineCurrency`) VALUES ('24e2354a-05a4-4f10-aa48-17ec6f19c34b', 'decab82d-8baa-40eb-8b85-28aff22699ef', 'd2329915-c2a4-43ba-b3e4-0566761f1032', '2026-05-18 21:10:12.159388', '2026-05-04 22:30:04.515648', 'Returned', 0, NULL, 0.00, 'VND');
INSERT INTO `LoanDetails` (`Id`, `LoanId`, `BookItemId`, `DueDate`, `ReturnDate`, `Status`, `RenewalCount`, `AccessToken`, `FineAmount`, `FineCurrency`) VALUES ('ccc5dcef-b164-4b63-a7dd-21a4c72bce64', '22f647c4-b490-48fd-aee7-d027d9f907de', 'd2fe1743-1c79-499d-9666-229eb413a05e', '2026-05-25 19:43:26.623525', '2026-05-11 19:44:26.936119', 'Returned', 0, NULL, 0.00, 'VND');
INSERT INTO `LoanDetails` (`Id`, `LoanId`, `BookItemId`, `DueDate`, `ReturnDate`, `Status`, `RenewalCount`, `AccessToken`, `FineAmount`, `FineCurrency`) VALUES ('ea25e0e6-9184-468d-b8a0-2c3a0e3abd53', '3bb923e7-207f-4d34-9e2e-fa40fb95d990', 'd2329915-c2a4-43ba-b3e4-0566761f1032', '2026-05-11 22:48:10.264945', '2026-05-04 22:52:22.469846', 'Returned', 0, NULL, 0.00, 'VND');
INSERT INTO `LoanDetails` (`Id`, `LoanId`, `BookItemId`, `DueDate`, `ReturnDate`, `Status`, `RenewalCount`, `AccessToken`, `FineAmount`, `FineCurrency`) VALUES ('cf680fc0-0f95-4bea-9bf9-2da8a988a468', '560f16c9-6ecd-4cc1-94a7-25804ebe7e11', 'd48accf4-efa3-49a9-a61b-25baa09ef38c', '2026-05-26 15:53:46.696933', '2026-05-13 01:03:13.443137', 'Returned', 0, NULL, 0.00, 'VND');
INSERT INTO `LoanDetails` (`Id`, `LoanId`, `BookItemId`, `DueDate`, `ReturnDate`, `Status`, `RenewalCount`, `AccessToken`, `FineAmount`, `FineCurrency`) VALUES ('0be3a793-1ac3-4b37-adc6-2e8cd083c2e0', '062126c7-3e3f-434c-80c3-959078d3dafa', '9252b9d9-4362-4504-9c01-3cb4e0990094', '2026-05-25 17:18:38.728834', '2026-05-11 17:19:55.288856', 'Returned', 0, NULL, 0.00, 'VND');
INSERT INTO `LoanDetails` (`Id`, `LoanId`, `BookItemId`, `DueDate`, `ReturnDate`, `Status`, `RenewalCount`, `AccessToken`, `FineAmount`, `FineCurrency`) VALUES ('a782a3d0-4be8-4524-b870-3354bcf75f92', '1b08fc08-1d96-42a2-90e1-fd98c407f6d0', 'd2fe1743-1c79-499d-9666-229eb413a05e', '2024-01-01 00:00:00.000000', '2026-05-09 20:21:12.389464', 'Returned', 0, NULL, 4295000.00, 'VND');
INSERT INTO `LoanDetails` (`Id`, `LoanId`, `BookItemId`, `DueDate`, `ReturnDate`, `Status`, `RenewalCount`, `AccessToken`, `FineAmount`, `FineCurrency`) VALUES ('4f7bf03a-3371-42f7-a3b7-4056a605d2c3', 'd80be87f-eb9e-45a3-8952-aa07c6a46ac3', 'd2fe1743-1c79-499d-9666-229eb413a05e', '2026-05-27 01:16:09.866501', '2026-05-13 02:11:45.584392', 'Returned', 0, NULL, 0.00, 'VND');
INSERT INTO `LoanDetails` (`Id`, `LoanId`, `BookItemId`, `DueDate`, `ReturnDate`, `Status`, `RenewalCount`, `AccessToken`, `FineAmount`, `FineCurrency`) VALUES ('a043ce62-c8c0-4500-86d8-42f3593f06c2', 'e363f469-4023-4d0f-86ca-9640aa23adac', 'd48accf4-efa3-49a9-a61b-25baa09ef38c', '2026-05-27 01:16:15.267212', '2026-05-13 02:11:54.066217', 'Lost', 0, NULL, 0.00, 'VND');
INSERT INTO `LoanDetails` (`Id`, `LoanId`, `BookItemId`, `DueDate`, `ReturnDate`, `Status`, `RenewalCount`, `AccessToken`, `FineAmount`, `FineCurrency`) VALUES ('347b4d58-beae-4c13-8b3a-4e9d6879f610', '79274c8a-2bde-4593-9da2-0808df6d1760', 'a1b2ead1-5bb1-4461-8a79-d1bb81adfd3c', '2026-05-27 02:45:08.974735', '2026-05-13 02:45:46.411207', 'PendingFine', 0, NULL, 0.00, 'VND');
INSERT INTO `LoanDetails` (`Id`, `LoanId`, `BookItemId`, `DueDate`, `ReturnDate`, `Status`, `RenewalCount`, `AccessToken`, `FineAmount`, `FineCurrency`) VALUES ('058189da-3b45-4c3d-8012-4f1bac2e3252', 'c5a51bc1-e58d-4152-913a-e183d7cf476a', 'd48accf4-efa3-49a9-a61b-25baa09ef38c', '2024-01-01 00:00:00.000000', '2026-05-11 20:16:52.319804', 'Returned', 0, NULL, 4305000.00, 'VND');
INSERT INTO `LoanDetails` (`Id`, `LoanId`, `BookItemId`, `DueDate`, `ReturnDate`, `Status`, `RenewalCount`, `AccessToken`, `FineAmount`, `FineCurrency`) VALUES ('aa274e7e-529b-454d-b176-53620c3bcc1d', '916d01c4-a4e2-46b1-ae39-60495270eb6d', 'd2329915-c2a4-43ba-b3e4-0566761f1032', '2026-05-27 02:16:54.442783', '2026-05-13 02:17:02.476308', 'Lost', 0, NULL, 0.00, 'VND');
INSERT INTO `LoanDetails` (`Id`, `LoanId`, `BookItemId`, `DueDate`, `ReturnDate`, `Status`, `RenewalCount`, `AccessToken`, `FineAmount`, `FineCurrency`) VALUES ('e7949584-7e10-4d24-81a4-5725bb9b78f5', 'e4735bb9-dc4d-47f2-92c3-54a9da6fb63a', 'd2fe1743-1c79-499d-9666-229eb413a05e', '2026-06-02 15:47:50.012923', '2026-05-12 23:50:37.716778', 'Returned', 1, NULL, 0.00, 'VND');
INSERT INTO `LoanDetails` (`Id`, `LoanId`, `BookItemId`, `DueDate`, `ReturnDate`, `Status`, `RenewalCount`, `AccessToken`, `FineAmount`, `FineCurrency`) VALUES ('976667ed-6cbd-44d9-96fe-58635a9fdb73', '5590ba88-3595-40dd-919c-c83cbb4958cc', 'd48accf4-efa3-49a9-a61b-25baa09ef38c', '2026-05-26 14:00:21.020177', '2026-05-12 14:00:28.570510', 'Returned', 0, NULL, 0.00, 'VND');
INSERT INTO `LoanDetails` (`Id`, `LoanId`, `BookItemId`, `DueDate`, `ReturnDate`, `Status`, `RenewalCount`, `AccessToken`, `FineAmount`, `FineCurrency`) VALUES ('de769c9e-bc84-4997-a0b2-612c74ca5cda', '8f5fe553-a77c-4c1a-84b0-1f024ad910c9', 'd2329915-c2a4-43ba-b3e4-0566761f1032', '2026-05-26 14:56:11.648641', '2026-05-12 14:57:35.668050', 'Returned', 0, NULL, 0.00, 'VND');
INSERT INTO `LoanDetails` (`Id`, `LoanId`, `BookItemId`, `DueDate`, `ReturnDate`, `Status`, `RenewalCount`, `AccessToken`, `FineAmount`, `FineCurrency`) VALUES ('548e3b77-68be-472c-aff8-6ab208783195', 'e139f6d2-7b2c-462f-95c9-ec220d615b7e', 'd2329915-c2a4-43ba-b3e4-0566761f1032', '2026-05-14 02:57:55.286687', '2026-05-05 02:59:01.443624', 'Returned', 0, NULL, 0.00, 'VND');
INSERT INTO `LoanDetails` (`Id`, `LoanId`, `BookItemId`, `DueDate`, `ReturnDate`, `Status`, `RenewalCount`, `AccessToken`, `FineAmount`, `FineCurrency`) VALUES ('28e9a9ca-2420-4703-ad76-7228186fa77a', 'cfe60d98-9f4f-4ad7-9f07-1ed6a90831dc', '8f69b6ad-655c-49bd-838e-3ea75e72a01a', '2026-05-27 02:16:50.378168', '2026-05-13 02:17:10.671555', 'Lost', 0, NULL, 0.00, 'VND');
INSERT INTO `LoanDetails` (`Id`, `LoanId`, `BookItemId`, `DueDate`, `ReturnDate`, `Status`, `RenewalCount`, `AccessToken`, `FineAmount`, `FineCurrency`) VALUES ('821c5cd6-6358-4e43-aa80-75c0e1f9947d', '479286bc-7d90-4fbe-9d2b-46bfa0922f4a', '1081e398-a357-4f29-8cd6-3db1a36d892b', '2026-05-25 20:16:23.067891', '2026-05-11 20:16:56.670260', 'Returned', 0, NULL, 0.00, 'VND');
INSERT INTO `LoanDetails` (`Id`, `LoanId`, `BookItemId`, `DueDate`, `ReturnDate`, `Status`, `RenewalCount`, `AccessToken`, `FineAmount`, `FineCurrency`) VALUES ('c0a0b16e-f887-49c9-a530-7a3a91640d27', 'df489d27-77e9-4773-8465-b9caaefacea7', 'd48accf4-efa3-49a9-a61b-25baa09ef38c', '2026-05-22 17:10:37.167845', '2026-05-08 18:11:12.425521', 'Returned', 0, NULL, 0.00, 'VND');
INSERT INTO `LoanDetails` (`Id`, `LoanId`, `BookItemId`, `DueDate`, `ReturnDate`, `Status`, `RenewalCount`, `AccessToken`, `FineAmount`, `FineCurrency`) VALUES ('9d8c795f-5184-4b59-a727-8075800e18ee', 'af277d5e-7d22-4cf6-9920-02b00dc73f60', '8f69b6ad-655c-49bd-838e-3ea75e72a01a', '2026-05-25 20:16:18.537209', '2026-05-11 20:17:00.365034', 'Returned', 0, NULL, 0.00, 'VND');
INSERT INTO `LoanDetails` (`Id`, `LoanId`, `BookItemId`, `DueDate`, `ReturnDate`, `Status`, `RenewalCount`, `AccessToken`, `FineAmount`, `FineCurrency`) VALUES ('058ea728-ff94-436e-ac6d-880c93952137', '6d2ad630-dbe7-4ed4-aa5c-087aea71baa4', 'd2fe1743-1c79-499d-9666-229eb413a05e', '2026-05-26 14:21:22.863985', '2026-05-12 14:22:01.778744', 'Returned', 0, NULL, 0.00, 'VND');
INSERT INTO `LoanDetails` (`Id`, `LoanId`, `BookItemId`, `DueDate`, `ReturnDate`, `Status`, `RenewalCount`, `AccessToken`, `FineAmount`, `FineCurrency`) VALUES ('d7bdab55-72cc-4320-8fc2-9394eeb2e4f2', '47d6f0ff-a2a5-45fc-8b1c-167ad98d9e01', '9252b9d9-4362-4504-9c01-3cb4e0990094', '2026-05-26 14:56:19.551716', '2026-05-12 14:57:39.043000', 'Returned', 0, NULL, 0.00, 'VND');
INSERT INTO `LoanDetails` (`Id`, `LoanId`, `BookItemId`, `DueDate`, `ReturnDate`, `Status`, `RenewalCount`, `AccessToken`, `FineAmount`, `FineCurrency`) VALUES ('c21f6525-df43-46d9-bddf-9957486ff343', '1f2f811e-3c86-4f6b-a624-1b254e23ac1b', '73bfb8d9-a3d1-433b-a1af-c7124b887a30', '2026-05-18 21:22:59.354703', NULL, 'Active', 0, '999d99d2-1a3a-41a2-9716-3c3e5360c326', 0.00, 'VND');
INSERT INTO `LoanDetails` (`Id`, `LoanId`, `BookItemId`, `DueDate`, `ReturnDate`, `Status`, `RenewalCount`, `AccessToken`, `FineAmount`, `FineCurrency`) VALUES ('ef03eb63-82c3-421d-aaa4-9c830f07caf1', '85b468ca-b5d2-4b15-bf81-4ad101fa28a7', 'd2329915-c2a4-43ba-b3e4-0566761f1032', '2026-05-10 01:14:30.098246', '2026-05-05 02:44:56.822419', 'Returned', 0, NULL, 0.00, 'VND');
INSERT INTO `LoanDetails` (`Id`, `LoanId`, `BookItemId`, `DueDate`, `ReturnDate`, `Status`, `RenewalCount`, `AccessToken`, `FineAmount`, `FineCurrency`) VALUES ('c38f8db4-1b5a-4d1e-8da7-9d34cc001684', '91dbb4b8-68e8-4392-aa1f-04200171579a', 'c0c84bac-ef60-4c27-bf79-02e0d4e67515', '2026-05-22 17:03:47.570233', '2026-05-08 18:11:16.749838', 'Returned', 0, NULL, 0.00, 'VND');
INSERT INTO `LoanDetails` (`Id`, `LoanId`, `BookItemId`, `DueDate`, `ReturnDate`, `Status`, `RenewalCount`, `AccessToken`, `FineAmount`, `FineCurrency`) VALUES ('800f6570-200f-4cae-83e6-9d6daf997157', 'dcab7693-54ac-4b5d-848d-6328154b5a42', 'd2329915-c2a4-43ba-b3e4-0566761f1032', '2026-05-22 21:44:29.230550', '2026-05-11 20:17:03.767687', 'Returned', 0, NULL, 0.00, 'VND');
INSERT INTO `LoanDetails` (`Id`, `LoanId`, `BookItemId`, `DueDate`, `ReturnDate`, `Status`, `RenewalCount`, `AccessToken`, `FineAmount`, `FineCurrency`) VALUES ('7e9a5999-b935-4782-bd2a-9fb49a2540a4', 'd71f8ca5-9021-4979-8a95-88f40678bec1', '8f69b6ad-655c-49bd-838e-3ea75e72a01a', '2026-05-22 16:48:36.369753', '2026-05-08 16:49:09.025849', 'Returned', 0, NULL, 0.00, 'VND');
INSERT INTO `LoanDetails` (`Id`, `LoanId`, `BookItemId`, `DueDate`, `ReturnDate`, `Status`, `RenewalCount`, `AccessToken`, `FineAmount`, `FineCurrency`) VALUES ('40d03845-a3fe-4b96-b614-a327756be14c', 'b62b2948-fa8a-48f8-936f-c998f70e062e', 'c0c84bac-ef60-4c27-bf79-02e0d4e67515', '2026-05-27 02:35:26.458760', '2026-05-13 02:35:44.616197', 'PendingFine', 0, NULL, 0.00, 'VND');
INSERT INTO `LoanDetails` (`Id`, `LoanId`, `BookItemId`, `DueDate`, `ReturnDate`, `Status`, `RenewalCount`, `AccessToken`, `FineAmount`, `FineCurrency`) VALUES ('78547ebc-f50e-4b44-a2db-aaafea3f422b', 'e72ec057-3b96-4f99-8942-f294e483bcd0', 'c0c84bac-ef60-4c27-bf79-02e0d4e67515', '2026-05-26 14:56:15.172058', '2026-05-12 14:57:42.182427', 'Returned', 0, NULL, 0.00, 'VND');
INSERT INTO `LoanDetails` (`Id`, `LoanId`, `BookItemId`, `DueDate`, `ReturnDate`, `Status`, `RenewalCount`, `AccessToken`, `FineAmount`, `FineCurrency`) VALUES ('1d121606-fd29-4b97-9fe8-aebdcd4a1c0e', '11b615e7-a77c-47e0-8e7d-6521697c89f8', 'd48accf4-efa3-49a9-a61b-25baa09ef38c', '2026-05-27 02:35:01.780905', '2026-05-13 02:35:39.145634', 'Returned', 0, NULL, 0.00, 'VND');
INSERT INTO `LoanDetails` (`Id`, `LoanId`, `BookItemId`, `DueDate`, `ReturnDate`, `Status`, `RenewalCount`, `AccessToken`, `FineAmount`, `FineCurrency`) VALUES ('efbb465c-6e67-4cdc-b7c9-cfbf2b297fa6', 'fa4e9184-d206-451f-8dbe-0581b091b401', 'd2fe1743-1c79-499d-9666-229eb413a05e', '2026-05-27 03:46:56.630952', '2026-05-13 03:47:05.961766', 'Returned', 0, NULL, 0.00, 'VND');
INSERT INTO `LoanDetails` (`Id`, `LoanId`, `BookItemId`, `DueDate`, `ReturnDate`, `Status`, `RenewalCount`, `AccessToken`, `FineAmount`, `FineCurrency`) VALUES ('6efa9f26-438b-4fd2-b9f3-e193d2c25da7', '0be8e44c-d753-4715-91fc-90b5dd694a17', '00165598-7a6d-4917-a7ca-11f7c58c9574', '2026-05-15 07:02:56.311797', '2026-05-05 07:04:31.061926', 'Returned', 0, NULL, 0.00, 'VND');
INSERT INTO `LoanDetails` (`Id`, `LoanId`, `BookItemId`, `DueDate`, `ReturnDate`, `Status`, `RenewalCount`, `AccessToken`, `FineAmount`, `FineCurrency`) VALUES ('63a2541b-17c6-433f-8650-e28591005089', '8fdeecb8-89a7-4f9e-affa-9f597448af9b', 'd2fe1743-1c79-499d-9666-229eb413a05e', '2026-05-19 07:13:33.127746', '2026-05-05 07:17:59.327105', 'Returned', 0, NULL, 0.00, 'VND');
INSERT INTO `LoanDetails` (`Id`, `LoanId`, `BookItemId`, `DueDate`, `ReturnDate`, `Status`, `RenewalCount`, `AccessToken`, `FineAmount`, `FineCurrency`) VALUES ('d7fda76f-6dac-4e9f-925b-e4248890239e', 'f1898054-8419-4f07-b3e7-90cc1728e98a', 'c0c84bac-ef60-4c27-bf79-02e0d4e67515', '2026-05-22 21:44:32.344030', '2026-05-11 20:17:08.277179', 'Returned', 0, NULL, 0.00, 'VND');
INSERT INTO `LoanDetails` (`Id`, `LoanId`, `BookItemId`, `DueDate`, `ReturnDate`, `Status`, `RenewalCount`, `AccessToken`, `FineAmount`, `FineCurrency`) VALUES ('bf48802b-a793-461c-9c3c-e72c19e123cf', 'a338b011-635b-4ecc-b4e9-c007dd28c5f2', 'c0c84bac-ef60-4c27-bf79-02e0d4e67515', '2026-05-27 01:16:12.657406', '2026-05-13 02:11:59.662135', 'PendingFine', 0, NULL, 0.00, 'VND');
INSERT INTO `LoanDetails` (`Id`, `LoanId`, `BookItemId`, `DueDate`, `ReturnDate`, `Status`, `RenewalCount`, `AccessToken`, `FineAmount`, `FineCurrency`) VALUES ('a0e971f9-6203-4f31-98f4-ed82fdc724bb', '2d81ff0a-212d-413f-a327-63cf8f236e62', '00165598-7a6d-4917-a7ca-11f7c58c9574', '2026-05-19 07:10:26.111618', '2026-05-07 22:15:26.264376', 'Returned', 0, NULL, 0.00, 'VND');
INSERT INTO `LoanDetails` (`Id`, `LoanId`, `BookItemId`, `DueDate`, `ReturnDate`, `Status`, `RenewalCount`, `AccessToken`, `FineAmount`, `FineCurrency`) VALUES ('58041744-d359-43f1-8dd7-ed9024e79251', '6132cc05-1ec4-475d-9e1c-daa8fb1a8e63', '041d805d-65b4-48ca-9b74-669a55397913', '2026-05-27 03:43:42.687127', NULL, 'Active', 0, NULL, 0.00, 'VND');
INSERT INTO `LoanDetails` (`Id`, `LoanId`, `BookItemId`, `DueDate`, `ReturnDate`, `Status`, `RenewalCount`, `AccessToken`, `FineAmount`, `FineCurrency`) VALUES ('7e8a591a-e1f7-40de-afa5-fcc434b94e9f', '91f15485-993b-415b-84bf-57fbe7ce4df9', 'd2329915-c2a4-43ba-b3e4-0566761f1032', '2026-05-19 02:59:46.496684', '2026-05-07 22:15:30.019108', 'Returned', 0, NULL, 0.00, 'VND');
INSERT INTO `Loans` (`Id`, `LoanDate`, `ReaderId`, `IssuedByStaffId`) VALUES ('af277d5e-7d22-4cf6-9920-02b00dc73f60', '2026-05-11 20:16:18.537209', '30ea7c1c-20d9-498c-8887-da5ee0b683ab', 'd65f2d2f-57e6-451c-94ea-0e48fb0a4552');
INSERT INTO `Loans` (`Id`, `LoanDate`, `ReaderId`, `IssuedByStaffId`) VALUES ('91dbb4b8-68e8-4392-aa1f-04200171579a', '2026-05-08 17:03:47.570233', '7b31d855-636d-4805-8164-859096da6e83', '0e05000b-cb13-4a2b-b6b7-fcbe5e3dc816');
INSERT INTO `Loans` (`Id`, `LoanDate`, `ReaderId`, `IssuedByStaffId`) VALUES ('fa4e9184-d206-451f-8dbe-0581b091b401', '2026-05-13 03:46:56.630952', '449e59d3-3ffa-4509-b8d0-077e950ca8df', '754992e2-74ae-4038-9191-4424c83dbe71');
INSERT INTO `Loans` (`Id`, `LoanDate`, `ReaderId`, `IssuedByStaffId`) VALUES ('79274c8a-2bde-4593-9da2-0808df6d1760', '2026-05-13 02:45:08.974735', '7b31d855-636d-4805-8164-859096da6e83', '754992e2-74ae-4038-9191-4424c83dbe71');
INSERT INTO `Loans` (`Id`, `LoanDate`, `ReaderId`, `IssuedByStaffId`) VALUES ('6d2ad630-dbe7-4ed4-aa5c-087aea71baa4', '2026-05-12 14:21:22.863985', 'dea67741-6d90-4bd9-8624-992e1d876b9f', '754992e2-74ae-4038-9191-4424c83dbe71');
INSERT INTO `Loans` (`Id`, `LoanDate`, `ReaderId`, `IssuedByStaffId`) VALUES ('47d6f0ff-a2a5-45fc-8b1c-167ad98d9e01', '2026-05-12 14:56:19.551716', 'dea67741-6d90-4bd9-8624-992e1d876b9f', '754992e2-74ae-4038-9191-4424c83dbe71');
INSERT INTO `Loans` (`Id`, `LoanDate`, `ReaderId`, `IssuedByStaffId`) VALUES ('1f2f811e-3c86-4f6b-a624-1b254e23ac1b', '2026-05-04 21:22:59.354703', '7b31d855-636d-4805-8164-859096da6e83', '0e05000b-cb13-4a2b-b6b7-fcbe5e3dc816');
INSERT INTO `Loans` (`Id`, `LoanDate`, `ReaderId`, `IssuedByStaffId`) VALUES ('cfe60d98-9f4f-4ad7-9f07-1ed6a90831dc', '2026-05-13 02:16:50.378168', '7b31d855-636d-4805-8164-859096da6e83', '754992e2-74ae-4038-9191-4424c83dbe71');
INSERT INTO `Loans` (`Id`, `LoanDate`, `ReaderId`, `IssuedByStaffId`) VALUES ('8f5fe553-a77c-4c1a-84b0-1f024ad910c9', '2026-05-12 14:56:11.648641', 'dea67741-6d90-4bd9-8624-992e1d876b9f', '754992e2-74ae-4038-9191-4424c83dbe71');
INSERT INTO `Loans` (`Id`, `LoanDate`, `ReaderId`, `IssuedByStaffId`) VALUES ('560f16c9-6ecd-4cc1-94a7-25804ebe7e11', '2026-05-12 15:53:46.696933', '30ea7c1c-20d9-498c-8887-da5ee0b683ab', '754992e2-74ae-4038-9191-4424c83dbe71');
INSERT INTO `Loans` (`Id`, `LoanDate`, `ReaderId`, `IssuedByStaffId`) VALUES ('decab82d-8baa-40eb-8b85-28aff22699ef', '2026-05-04 21:10:12.159388', '7b31d855-636d-4805-8164-859096da6e83', '0e05000b-cb13-4a2b-b6b7-fcbe5e3dc816');
INSERT INTO `Loans` (`Id`, `LoanDate`, `ReaderId`, `IssuedByStaffId`) VALUES ('d6a88989-03eb-415a-990e-3ed4b8ce0995', '2026-05-13 02:35:22.669905', '7b31d855-636d-4805-8164-859096da6e83', '754992e2-74ae-4038-9191-4424c83dbe71');
INSERT INTO `Loans` (`Id`, `LoanDate`, `ReaderId`, `IssuedByStaffId`) VALUES ('00f5522e-7e2d-4b97-a19e-424fdc30efa0', '2026-05-08 17:20:45.134283', '7b31d855-636d-4805-8164-859096da6e83', '0e05000b-cb13-4a2b-b6b7-fcbe5e3dc816');
INSERT INTO `Loans` (`Id`, `LoanDate`, `ReaderId`, `IssuedByStaffId`) VALUES ('479286bc-7d90-4fbe-9d2b-46bfa0922f4a', '2026-05-11 20:16:23.067891', '30ea7c1c-20d9-498c-8887-da5ee0b683ab', 'd65f2d2f-57e6-451c-94ea-0e48fb0a4552');
INSERT INTO `Loans` (`Id`, `LoanDate`, `ReaderId`, `IssuedByStaffId`) VALUES ('85b468ca-b5d2-4b15-bf81-4ad101fa28a7', '2026-05-05 01:14:30.098246', '7b31d855-636d-4805-8164-859096da6e83', '0e05000b-cb13-4a2b-b6b7-fcbe5e3dc816');
INSERT INTO `Loans` (`Id`, `LoanDate`, `ReaderId`, `IssuedByStaffId`) VALUES ('d60daa0a-955b-455a-8b9b-4ecffa63bac5', '2026-05-13 03:54:48.270260', '7b31d855-636d-4805-8164-859096da6e83', '754992e2-74ae-4038-9191-4424c83dbe71');
INSERT INTO `Loans` (`Id`, `LoanDate`, `ReaderId`, `IssuedByStaffId`) VALUES ('e4735bb9-dc4d-47f2-92c3-54a9da6fb63a', '2026-05-12 15:47:50.012923', '7b31d855-636d-4805-8164-859096da6e83', '754992e2-74ae-4038-9191-4424c83dbe71');
INSERT INTO `Loans` (`Id`, `LoanDate`, `ReaderId`, `IssuedByStaffId`) VALUES ('91f15485-993b-415b-84bf-57fbe7ce4df9', '2026-05-05 02:59:46.496684', '7b31d855-636d-4805-8164-859096da6e83', '0e05000b-cb13-4a2b-b6b7-fcbe5e3dc816');
INSERT INTO `Loans` (`Id`, `LoanDate`, `ReaderId`, `IssuedByStaffId`) VALUES ('916d01c4-a4e2-46b1-ae39-60495270eb6d', '2026-05-13 02:16:54.442783', '7b31d855-636d-4805-8164-859096da6e83', '754992e2-74ae-4038-9191-4424c83dbe71');
INSERT INTO `Loans` (`Id`, `LoanDate`, `ReaderId`, `IssuedByStaffId`) VALUES ('dcab7693-54ac-4b5d-848d-6328154b5a42', '2026-05-08 21:44:29.230550', '30ea7c1c-20d9-498c-8887-da5ee0b683ab', '0e05000b-cb13-4a2b-b6b7-fcbe5e3dc816');
INSERT INTO `Loans` (`Id`, `LoanDate`, `ReaderId`, `IssuedByStaffId`) VALUES ('2d81ff0a-212d-413f-a327-63cf8f236e62', '2026-05-05 07:10:26.111618', '30ea7c1c-20d9-498c-8887-da5ee0b683ab', '0e05000b-cb13-4a2b-b6b7-fcbe5e3dc816');
INSERT INTO `Loans` (`Id`, `LoanDate`, `ReaderId`, `IssuedByStaffId`) VALUES ('11b615e7-a77c-47e0-8e7d-6521697c89f8', '2026-05-13 02:35:01.780905', '7b31d855-636d-4805-8164-859096da6e83', '754992e2-74ae-4038-9191-4424c83dbe71');
INSERT INTO `Loans` (`Id`, `LoanDate`, `ReaderId`, `IssuedByStaffId`) VALUES ('d71f8ca5-9021-4979-8a95-88f40678bec1', '2026-05-08 16:48:36.369753', '7b31d855-636d-4805-8164-859096da6e83', '0e05000b-cb13-4a2b-b6b7-fcbe5e3dc816');
INSERT INTO `Loans` (`Id`, `LoanDate`, `ReaderId`, `IssuedByStaffId`) VALUES ('0be8e44c-d753-4715-91fc-90b5dd694a17', '2026-05-05 07:02:56.311797', '7b31d855-636d-4805-8164-859096da6e83', '0e05000b-cb13-4a2b-b6b7-fcbe5e3dc816');
INSERT INTO `Loans` (`Id`, `LoanDate`, `ReaderId`, `IssuedByStaffId`) VALUES ('f1898054-8419-4f07-b3e7-90cc1728e98a', '2026-05-08 21:44:32.344030', '30ea7c1c-20d9-498c-8887-da5ee0b683ab', '0e05000b-cb13-4a2b-b6b7-fcbe5e3dc816');
INSERT INTO `Loans` (`Id`, `LoanDate`, `ReaderId`, `IssuedByStaffId`) VALUES ('062126c7-3e3f-434c-80c3-959078d3dafa', '2026-05-11 17:18:38.728834', '7b31d855-636d-4805-8164-859096da6e83', 'd65f2d2f-57e6-451c-94ea-0e48fb0a4552');
INSERT INTO `Loans` (`Id`, `LoanDate`, `ReaderId`, `IssuedByStaffId`) VALUES ('e363f469-4023-4d0f-86ca-9640aa23adac', '2026-05-13 01:16:15.267212', '30ea7c1c-20d9-498c-8887-da5ee0b683ab', '754992e2-74ae-4038-9191-4424c83dbe71');
INSERT INTO `Loans` (`Id`, `LoanDate`, `ReaderId`, `IssuedByStaffId`) VALUES ('8fdeecb8-89a7-4f9e-affa-9f597448af9b', '2026-05-05 07:13:33.127746', '7b31d855-636d-4805-8164-859096da6e83', '0e05000b-cb13-4a2b-b6b7-fcbe5e3dc816');
INSERT INTO `Loans` (`Id`, `LoanDate`, `ReaderId`, `IssuedByStaffId`) VALUES ('d80be87f-eb9e-45a3-8952-aa07c6a46ac3', '2026-05-13 01:16:09.866501', '7b31d855-636d-4805-8164-859096da6e83', '754992e2-74ae-4038-9191-4424c83dbe71');
INSERT INTO `Loans` (`Id`, `LoanDate`, `ReaderId`, `IssuedByStaffId`) VALUES ('df489d27-77e9-4773-8465-b9caaefacea7', '2026-05-08 17:10:37.167845', '7b31d855-636d-4805-8164-859096da6e83', '0e05000b-cb13-4a2b-b6b7-fcbe5e3dc816');
INSERT INTO `Loans` (`Id`, `LoanDate`, `ReaderId`, `IssuedByStaffId`) VALUES ('a338b011-635b-4ecc-b4e9-c007dd28c5f2', '2026-05-13 01:16:12.657406', '30ea7c1c-20d9-498c-8887-da5ee0b683ab', '754992e2-74ae-4038-9191-4424c83dbe71');
INSERT INTO `Loans` (`Id`, `LoanDate`, `ReaderId`, `IssuedByStaffId`) VALUES ('5590ba88-3595-40dd-919c-c83cbb4958cc', '2026-05-12 14:00:21.020177', '7b31d855-636d-4805-8164-859096da6e83', '754992e2-74ae-4038-9191-4424c83dbe71');
INSERT INTO `Loans` (`Id`, `LoanDate`, `ReaderId`, `IssuedByStaffId`) VALUES ('b62b2948-fa8a-48f8-936f-c998f70e062e', '2026-05-13 02:35:26.458760', '7b31d855-636d-4805-8164-859096da6e83', '754992e2-74ae-4038-9191-4424c83dbe71');
INSERT INTO `Loans` (`Id`, `LoanDate`, `ReaderId`, `IssuedByStaffId`) VALUES ('22f647c4-b490-48fd-aee7-d027d9f907de', '2026-05-11 19:43:26.623525', '7b31d855-636d-4805-8164-859096da6e83', 'd65f2d2f-57e6-451c-94ea-0e48fb0a4552');
INSERT INTO `Loans` (`Id`, `LoanDate`, `ReaderId`, `IssuedByStaffId`) VALUES ('6132cc05-1ec4-475d-9e1c-daa8fb1a8e63', '2026-05-13 03:43:42.687127', '449e59d3-3ffa-4509-b8d0-077e950ca8df', '754992e2-74ae-4038-9191-4424c83dbe71');
INSERT INTO `Loans` (`Id`, `LoanDate`, `ReaderId`, `IssuedByStaffId`) VALUES ('c5a51bc1-e58d-4152-913a-e183d7cf476a', '2026-05-08 21:44:07.068330', '7b31d855-636d-4805-8164-859096da6e83', '0e05000b-cb13-4a2b-b6b7-fcbe5e3dc816');
INSERT INTO `Loans` (`Id`, `LoanDate`, `ReaderId`, `IssuedByStaffId`) VALUES ('2afdda06-e46b-4753-b0dc-e1971cb772b3', '2026-05-11 20:16:28.356418', '30ea7c1c-20d9-498c-8887-da5ee0b683ab', 'd65f2d2f-57e6-451c-94ea-0e48fb0a4552');
INSERT INTO `Loans` (`Id`, `LoanDate`, `ReaderId`, `IssuedByStaffId`) VALUES ('e139f6d2-7b2c-462f-95c9-ec220d615b7e', '2026-05-05 02:57:55.286687', '7b31d855-636d-4805-8164-859096da6e83', '0e05000b-cb13-4a2b-b6b7-fcbe5e3dc816');
INSERT INTO `Loans` (`Id`, `LoanDate`, `ReaderId`, `IssuedByStaffId`) VALUES ('e72ec057-3b96-4f99-8942-f294e483bcd0', '2026-05-12 14:56:15.172058', 'dea67741-6d90-4bd9-8624-992e1d876b9f', '754992e2-74ae-4038-9191-4424c83dbe71');
INSERT INTO `Loans` (`Id`, `LoanDate`, `ReaderId`, `IssuedByStaffId`) VALUES ('3bb923e7-207f-4d34-9e2e-fa40fb95d990', '2026-05-04 22:48:10.264945', '7b31d855-636d-4805-8164-859096da6e83', '0e05000b-cb13-4a2b-b6b7-fcbe5e3dc816');
INSERT INTO `Loans` (`Id`, `LoanDate`, `ReaderId`, `IssuedByStaffId`) VALUES ('1b08fc08-1d96-42a2-90e1-fd98c407f6d0', '2026-05-08 21:44:11.338589', '7b31d855-636d-4805-8164-859096da6e83', '0e05000b-cb13-4a2b-b6b7-fcbe5e3dc816');
INSERT INTO `Publishers` (`Id`, `Name`, `Email`, `PhoneNumber`, `OfficeAddress`) VALUES ('b49185c9-6dce-483a-86ea-143a32dbe5cf', 'Nhà xuất bản Văn Học', 'info@nxbvanhoc.com.vn', NULL, NULL);
INSERT INTO `Publishers` (`Id`, `Name`, `Email`, `PhoneNumber`, `OfficeAddress`) VALUES ('c8066dc7-0b5e-4528-b4fe-160094f6f9c2', 'Nhà Xb Giáo Dục', 'nxbgd@library.com', '098823267', 'Ho Chi Minh City');
INSERT INTO `Publishers` (`Id`, `Name`, `Email`, `PhoneNumber`, `OfficeAddress`) VALUES ('b2d54fc1-e650-4244-8062-26f9a761a4ba', 'Nhà xuất bản Trẻ', 'hopthubandoc@nxbtre.com.vn', NULL, NULL);
INSERT INTO `Publishers` (`Id`, `Name`, `Email`, `PhoneNumber`, `OfficeAddress`) VALUES ('326f1fd9-08bc-46e7-a72c-366bb7cc60c0', 'Nhà Xuất Bản Giáo Dục Việt Nam', 'lienhe@nxbgd.vn', '02438220801', '81 Trần Hưng Đạo, Hoàn Kiếm, Hà Nội');
INSERT INTO `Publishers` (`Id`, `Name`, `Email`, `PhoneNumber`, `OfficeAddress`) VALUES ('8757b056-b228-48cd-ad10-882c6b018c16', 'Nhà xuất bản kim đồng', 'mockemail@nxbkimdong.com', '0912345678', 'VietNam');
INSERT INTO `Readers` (`Id`, `LibraryCardNumber`, `FullName`, `Gender`, `DateOfBirth`, `Street`, `Address_Ward`, `District`, `City`, `PhoneNumber`, `RegistrationDate`, `ExpiryDate`, `AccountId`, `IsDeleted`, `Type`) VALUES ('449e59d3-3ffa-4509-b8d0-077e950ca8df', 'LCN-639142386449363529', 'Hong Quan', 1, '2005-01-22', 'ffmakfma', 'bmfkh', 'qlrqmkf', 'adkadk', '093881317', '2026-05-13 03:10:44.937833', '2027-05-13 03:10:44.937833', '9388b1f3-aed2-48c4-9781-d2559b3f59e0', 0, 'Student');
INSERT INTO `Readers` (`Id`, `LibraryCardNumber`, `FullName`, `Gender`, `DateOfBirth`, `Street`, `Address_Ward`, `District`, `City`, `PhoneNumber`, `RegistrationDate`, `ExpiryDate`, `AccountId`, `IsDeleted`, `Type`) VALUES ('7b31d855-636d-4805-8164-859096da6e83', 'LCN-639135021563681637', 'Trần Hoàng Phát', 1, '2005-11-23', 'An Duong Vuong', 'Phuong Cho Quan', 'Quan 5', 'Ho Chi Minh City', '0919438955', '2026-05-04 14:35:56.370200', '2027-05-04 14:35:56.370200', 'fcb068c4-a760-4513-b3a2-fe6e5b9893a2', 0, 'Guest');
INSERT INTO `Readers` (`Id`, `LibraryCardNumber`, `FullName`, `Gender`, `DateOfBirth`, `Street`, `Address_Ward`, `District`, `City`, `PhoneNumber`, `RegistrationDate`, `ExpiryDate`, `AccountId`, `IsDeleted`, `Type`) VALUES ('dea67741-6d90-4bd9-8624-992e1d876b9f', 'LCN-639141910859397056', 'Le Van Khanh', 1, '2005-09-20', 'a', 'b', 'c', 'd', '0912345687', '2026-05-12 13:58:05.940931', '2027-05-12 13:58:05.940931', 'e8f29438-566d-4ce9-ab55-db1bb36102bf', 1, 'Guest');
INSERT INTO `Readers` (`Id`, `LibraryCardNumber`, `FullName`, `Gender`, `DateOfBirth`, `Street`, `Address_Ward`, `District`, `City`, `PhoneNumber`, `RegistrationDate`, `ExpiryDate`, `AccountId`, `IsDeleted`, `Type`) VALUES ('30ea7c1c-20d9-498c-8887-da5ee0b683ab', 'LCN-639135617987218472', 'Trần Hoàng Đạt', 1, '2026-05-02', '280', 'X', 'Y', 'Z', '0981234567', '2026-05-05 07:09:58.724148', '2027-05-05 07:09:58.724148', 'a12838ee-015f-4fc5-8a26-8019eb265859', 0, 'Guest');
INSERT INTO `Reservations` (`Id`, `ReservedDate`, `ReadyDate`, `ExpiryDate`, `Status`, `ReaderId`, `BookItemId`) VALUES ('f8e3e431-94f0-461d-9d86-0c85289c4d04', '2026-05-13 02:34:22.738116', '2026-05-13 02:34:22.738119', '2026-05-16 02:34:22.738119', 'Completed', '7b31d855-636d-4805-8164-859096da6e83', 'd2fe1743-1c79-499d-9666-229eb413a05e');
INSERT INTO `Reservations` (`Id`, `ReservedDate`, `ReadyDate`, `ExpiryDate`, `Status`, `ReaderId`, `BookItemId`) VALUES ('c891609c-09fe-46e3-9816-0d487ce6799c', '2026-05-13 03:46:01.387601', '2026-05-13 03:46:01.388610', '2026-05-16 03:46:01.388610', 'Completed', '449e59d3-3ffa-4509-b8d0-077e950ca8df', 'd2fe1743-1c79-499d-9666-229eb413a05e');
INSERT INTO `Reservations` (`Id`, `ReservedDate`, `ReadyDate`, `ExpiryDate`, `Status`, `ReaderId`, `BookItemId`) VALUES ('c89f9f15-d7d2-46e9-9f50-0e300c62c1b8', '2026-05-11 20:14:54.306362', '2026-05-11 20:14:54.308445', '2026-05-14 20:14:54.308445', 'Completed', '30ea7c1c-20d9-498c-8887-da5ee0b683ab', '8f69b6ad-655c-49bd-838e-3ea75e72a01a');
INSERT INTO `Reservations` (`Id`, `ReservedDate`, `ReadyDate`, `ExpiryDate`, `Status`, `ReaderId`, `BookItemId`) VALUES ('c7fd1cba-90c5-487f-ac2e-12734f1f5e75', '2026-05-13 02:16:01.809149', '2026-05-13 02:16:01.809151', '2026-05-16 02:16:01.809151', 'Completed', '7b31d855-636d-4805-8164-859096da6e83', 'd2329915-c2a4-43ba-b3e4-0566761f1032');
INSERT INTO `Reservations` (`Id`, `ReservedDate`, `ReadyDate`, `ExpiryDate`, `Status`, `ReaderId`, `BookItemId`) VALUES ('70ad90a9-0481-449a-83fb-171698bac053', '2026-05-11 20:15:12.990508', '2026-05-11 20:15:12.990514', '2026-05-14 20:15:12.990514', 'Canceled', '30ea7c1c-20d9-498c-8887-da5ee0b683ab', '9252b9d9-4362-4504-9c01-3cb4e0990094');
INSERT INTO `Reservations` (`Id`, `ReservedDate`, `ReadyDate`, `ExpiryDate`, `Status`, `ReaderId`, `BookItemId`) VALUES ('b48dffbc-de9a-43ca-b055-1def5932ac9f', '2026-05-11 20:15:02.021256', '2026-05-11 20:15:02.021261', '2026-05-14 20:15:02.021261', 'Completed', '30ea7c1c-20d9-498c-8887-da5ee0b683ab', '1081e398-a357-4f29-8cd6-3db1a36d892b');
INSERT INTO `Reservations` (`Id`, `ReservedDate`, `ReadyDate`, `ExpiryDate`, `Status`, `ReaderId`, `BookItemId`) VALUES ('4193639e-ba01-4b75-bf82-1fa6e1cbb694', '2026-05-12 14:55:19.474550', '2026-05-12 14:55:19.475212', '2026-05-15 14:55:19.475212', 'Completed', 'dea67741-6d90-4bd9-8624-992e1d876b9f', 'd2329915-c2a4-43ba-b3e4-0566761f1032');
INSERT INTO `Reservations` (`Id`, `ReservedDate`, `ReadyDate`, `ExpiryDate`, `Status`, `ReaderId`, `BookItemId`) VALUES ('03291b00-be84-4185-93c2-222d7f6208b8', '2026-05-12 14:55:23.802446', '2026-05-12 14:55:23.802448', '2026-05-15 14:55:23.802448', 'Completed', 'dea67741-6d90-4bd9-8624-992e1d876b9f', 'c0c84bac-ef60-4c27-bf79-02e0d4e67515');
INSERT INTO `Reservations` (`Id`, `ReservedDate`, `ReadyDate`, `ExpiryDate`, `Status`, `ReaderId`, `BookItemId`) VALUES ('917fe904-4500-4566-8ec1-32c29cdc6e79', '2026-05-13 02:15:55.627195', '2026-05-13 02:15:55.627689', '2026-05-16 02:15:55.627689', 'Completed', '7b31d855-636d-4805-8164-859096da6e83', '8f69b6ad-655c-49bd-838e-3ea75e72a01a');
INSERT INTO `Reservations` (`Id`, `ReservedDate`, `ReadyDate`, `ExpiryDate`, `Status`, `ReaderId`, `BookItemId`) VALUES ('56381975-c038-46c0-967d-4e029c842ef4', '2026-05-13 03:54:28.429985', '2026-05-13 03:54:28.429991', '2026-05-16 03:54:28.429991', 'Completed', '7b31d855-636d-4805-8164-859096da6e83', '15fee5e3-1897-4791-b318-7d00f5ac6a36');
INSERT INTO `Reservations` (`Id`, `ReservedDate`, `ReadyDate`, `ExpiryDate`, `Status`, `ReaderId`, `BookItemId`) VALUES ('d9cba5f3-517f-4ca8-86c7-5715bd4f7aaa', '2026-05-13 03:52:50.328431', '2026-05-13 03:52:50.328435', '2026-05-16 03:52:50.328435', 'Ready', '30ea7c1c-20d9-498c-8887-da5ee0b683ab', 'b7f5f2a6-acd4-4824-9ce2-3eb85046f9b8');
INSERT INTO `Reservations` (`Id`, `ReservedDate`, `ReadyDate`, `ExpiryDate`, `Status`, `ReaderId`, `BookItemId`) VALUES ('81556457-d137-40bb-ab88-5dc49cd6a7d2', '2026-05-13 01:15:27.385459', '2026-05-13 01:15:27.385462', '2026-05-16 01:15:27.385462', 'Completed', '7b31d855-636d-4805-8164-859096da6e83', 'd2fe1743-1c79-499d-9666-229eb413a05e');
INSERT INTO `Reservations` (`Id`, `ReservedDate`, `ReadyDate`, `ExpiryDate`, `Status`, `ReaderId`, `BookItemId`) VALUES ('dfd20782-1c80-429e-8cf2-5fb9f0373ea0', '2026-05-11 20:15:08.279354', '2026-05-11 20:15:08.279361', '2026-05-14 20:15:08.279361', 'Completed', '30ea7c1c-20d9-498c-8887-da5ee0b683ab', 'd2fe1743-1c79-499d-9666-229eb413a05e');
INSERT INTO `Reservations` (`Id`, `ReservedDate`, `ReadyDate`, `ExpiryDate`, `Status`, `ReaderId`, `BookItemId`) VALUES ('2bb8424d-defe-4cf9-9eb7-668f1c389534', '2026-05-12 15:47:21.659471', '2026-05-12 15:47:21.660631', '2026-05-15 15:47:21.660631', 'Completed', '7b31d855-636d-4805-8164-859096da6e83', 'd2fe1743-1c79-499d-9666-229eb413a05e');
INSERT INTO `Reservations` (`Id`, `ReservedDate`, `ReadyDate`, `ExpiryDate`, `Status`, `ReaderId`, `BookItemId`) VALUES ('baee3d11-12b3-4447-afbf-69c975c6effe', '2026-05-11 19:42:51.371075', '2026-05-11 19:42:51.372126', '2026-05-14 19:42:51.372126', 'Completed', '7b31d855-636d-4805-8164-859096da6e83', 'd2fe1743-1c79-499d-9666-229eb413a05e');
INSERT INTO `Reservations` (`Id`, `ReservedDate`, `ReadyDate`, `ExpiryDate`, `Status`, `ReaderId`, `BookItemId`) VALUES ('094c1f3d-a9c0-4533-bb55-70821133814f', '2026-05-13 01:07:41.575993', '2026-05-13 01:07:41.576000', '2026-05-16 01:07:41.576000', 'Completed', '30ea7c1c-20d9-498c-8887-da5ee0b683ab', 'c0c84bac-ef60-4c27-bf79-02e0d4e67515');
INSERT INTO `Reservations` (`Id`, `ReservedDate`, `ReadyDate`, `ExpiryDate`, `Status`, `ReaderId`, `BookItemId`) VALUES ('a8d69aec-f06e-4ba4-bcae-8d24584f6811', '2026-05-13 03:12:16.224184', '2026-05-13 03:12:16.224992', '2026-05-16 03:12:16.224992', 'Completed', '449e59d3-3ffa-4509-b8d0-077e950ca8df', '041d805d-65b4-48ca-9b74-669a55397913');
INSERT INTO `Reservations` (`Id`, `ReservedDate`, `ReadyDate`, `ExpiryDate`, `Status`, `ReaderId`, `BookItemId`) VALUES ('2a48b419-637a-4891-8f49-9028aa02d04b', '2026-05-12 14:55:36.044245', '2026-05-12 14:55:36.044248', '2026-05-15 14:55:36.044248', 'Canceled', 'dea67741-6d90-4bd9-8624-992e1d876b9f', 'd2fe1743-1c79-499d-9666-229eb413a05e');
INSERT INTO `Reservations` (`Id`, `ReservedDate`, `ReadyDate`, `ExpiryDate`, `Status`, `ReaderId`, `BookItemId`) VALUES ('850d8d42-2aba-4dfd-9b2c-94c6d3ee2ff8', '2026-05-13 01:07:47.836376', '2026-05-13 01:07:47.836383', '2026-05-16 01:07:47.836383', 'Canceled', '30ea7c1c-20d9-498c-8887-da5ee0b683ab', '8f69b6ad-655c-49bd-838e-3ea75e72a01a');
INSERT INTO `Reservations` (`Id`, `ReservedDate`, `ReadyDate`, `ExpiryDate`, `Status`, `ReaderId`, `BookItemId`) VALUES ('5274abb0-903e-4fde-bd06-a4a80563f072', '2026-05-13 02:34:17.389249', '2026-05-13 02:34:17.389948', '2026-05-16 02:34:17.389948', 'Completed', '7b31d855-636d-4805-8164-859096da6e83', 'd48accf4-efa3-49a9-a61b-25baa09ef38c');
INSERT INTO `Reservations` (`Id`, `ReservedDate`, `ReadyDate`, `ExpiryDate`, `Status`, `ReaderId`, `BookItemId`) VALUES ('3bbdc774-aa36-473b-b6c7-a5856f56e3a9', '2026-05-12 13:56:04.201137', '2026-05-12 13:56:04.201852', '2026-05-15 13:56:04.201852', 'Canceled', '7b31d855-636d-4805-8164-859096da6e83', 'a1b2ead1-5bb1-4461-8a79-d1bb81adfd3c');
INSERT INTO `Reservations` (`Id`, `ReservedDate`, `ReadyDate`, `ExpiryDate`, `Status`, `ReaderId`, `BookItemId`) VALUES ('e9364cb0-0ad0-404f-a741-a626c6ed47ed', '2026-05-13 02:44:43.887228', '2026-05-13 02:44:43.887244', '2026-05-16 02:44:43.887244', 'Completed', '7b31d855-636d-4805-8164-859096da6e83', 'a1b2ead1-5bb1-4461-8a79-d1bb81adfd3c');
INSERT INTO `Reservations` (`Id`, `ReservedDate`, `ReadyDate`, `ExpiryDate`, `Status`, `ReaderId`, `BookItemId`) VALUES ('a8e384cb-198b-4ed5-aa59-aa4abef8caa0', '2026-05-12 14:20:48.049533', '2026-05-12 14:20:48.050028', '2026-05-15 14:20:48.050028', 'Completed', 'dea67741-6d90-4bd9-8624-992e1d876b9f', 'd2fe1743-1c79-499d-9666-229eb413a05e');
INSERT INTO `Reservations` (`Id`, `ReservedDate`, `ReadyDate`, `ExpiryDate`, `Status`, `ReaderId`, `BookItemId`) VALUES ('1f74b580-20ca-4282-9cab-c46b1ce8c733', '2026-05-13 02:34:28.416847', '2026-05-13 02:34:28.416850', '2026-05-16 02:34:28.416850', 'Completed', '7b31d855-636d-4805-8164-859096da6e83', 'c0c84bac-ef60-4c27-bf79-02e0d4e67515');
INSERT INTO `Reservations` (`Id`, `ReservedDate`, `ReadyDate`, `ExpiryDate`, `Status`, `ReaderId`, `BookItemId`) VALUES ('5cf0ad6a-a972-4680-b28a-c8110ce61930', '2026-05-13 01:07:34.942220', '2026-05-13 01:07:34.943377', '2026-05-16 01:07:34.943377', 'Completed', '30ea7c1c-20d9-498c-8887-da5ee0b683ab', 'd48accf4-efa3-49a9-a61b-25baa09ef38c');
INSERT INTO `Reservations` (`Id`, `ReservedDate`, `ReadyDate`, `ExpiryDate`, `Status`, `ReaderId`, `BookItemId`) VALUES ('a6a4d5b3-0c9f-4c16-8c23-d3626e6ae0bb', '2026-05-11 17:17:44.039680', '2026-05-11 17:17:44.040899', '2026-05-14 17:17:44.040899', 'Completed', '7b31d855-636d-4805-8164-859096da6e83', '9252b9d9-4362-4504-9c01-3cb4e0990094');
INSERT INTO `Reservations` (`Id`, `ReservedDate`, `ReadyDate`, `ExpiryDate`, `Status`, `ReaderId`, `BookItemId`) VALUES ('8708d8c0-1285-412b-b9e4-dfd869d40e12', '2026-05-12 13:59:45.067443', '2026-05-12 13:59:45.067446', '2026-05-15 13:59:45.067446', 'Completed', '7b31d855-636d-4805-8164-859096da6e83', 'd48accf4-efa3-49a9-a61b-25baa09ef38c');
INSERT INTO `Reservations` (`Id`, `ReservedDate`, `ReadyDate`, `ExpiryDate`, `Status`, `ReaderId`, `BookItemId`) VALUES ('eef52fc1-4f49-40fb-9494-e2e356516e7b', '2026-05-12 15:53:29.142138', '2026-05-12 15:53:29.142144', '2026-05-15 15:53:29.142144', 'Completed', '30ea7c1c-20d9-498c-8887-da5ee0b683ab', 'd48accf4-efa3-49a9-a61b-25baa09ef38c');
INSERT INTO `Reservations` (`Id`, `ReservedDate`, `ReadyDate`, `ExpiryDate`, `Status`, `ReaderId`, `BookItemId`) VALUES ('f81bf490-0e40-4a89-92f2-e8c37d8fd15b', '2026-05-12 14:55:30.019072', '2026-05-12 14:55:30.019074', '2026-05-15 14:55:30.019074', 'Completed', 'dea67741-6d90-4bd9-8624-992e1d876b9f', '9252b9d9-4362-4504-9c01-3cb4e0990094');
INSERT INTO `Reservations` (`Id`, `ReservedDate`, `ReadyDate`, `ExpiryDate`, `Status`, `ReaderId`, `BookItemId`) VALUES ('acb6cfe7-960b-4d7b-83b1-f45846fd1ba8', '2026-05-13 01:15:22.547907', '2026-05-13 01:15:22.548226', '2026-05-16 01:15:22.548226', 'Canceled', '7b31d855-636d-4805-8164-859096da6e83', '9252b9d9-4362-4504-9c01-3cb4e0990094');
INSERT INTO `Staffs` (`Id`, `StaffCode`, `FullName`, `Gender`, `DateOfBirth`, `Street`, `Address_Ward`, `District`, `City`, `PhoneNumber`, `AccountId`, `IsDeleted`) VALUES ('d65f2d2f-57e6-451c-94ea-0e48fb0a4552', 'LIB-639135305488245338', 'Thủ Thư thứ nhất', 0, '2006-05-04', '', '', '', '', '0987612354', 'd89ae8d4-0dd1-493a-9657-ba367f9fb188', 1);
INSERT INTO `Staffs` (`Id`, `StaffCode`, `FullName`, `Gender`, `DateOfBirth`, `Street`, `Address_Ward`, `District`, `City`, `PhoneNumber`, `AccountId`, `IsDeleted`) VALUES ('754992e2-74ae-4038-9191-4424c83dbe71', 'LIB-639135393350677230', 'Thủ Thư thứ hai', 1, '2005-03-02', '', '', '', '', '0912345876', '3d840496-dd25-4874-8e2d-6a0b7ff30fbc', 0);
INSERT INTO `Staffs` (`Id`, `StaffCode`, `FullName`, `Gender`, `DateOfBirth`, `Street`, `Address_Ward`, `District`, `City`, `PhoneNumber`, `AccountId`, `IsDeleted`) VALUES ('349e8994-38b6-492c-bf0a-ef2c8fd4181f', 'ADMIN', 'Trần Hoàng Phát', 1, '2005-11-23', '280 An Dương Vương', 'Phường Chợ Quán', 'Quận 5', 'TP. Hồ Chí Minh', '0123456789', 'fee1ee89-7d01-4702-b3e6-b3359b89bbbb', 0);
INSERT INTO `Staffs` (`Id`, `StaffCode`, `FullName`, `Gender`, `DateOfBirth`, `Street`, `Address_Ward`, `District`, `City`, `PhoneNumber`, `AccountId`, `IsDeleted`) VALUES ('0e05000b-cb13-4a2b-b6b7-fcbe5e3dc816', 'STF001', 'THỦ THƯ HỆ THỐNG', 1, '2005-11-23', '280 An Dương Vương', 'Phường Chợ Quán', 'Quận 5', 'TP. Hồ Chí Minh', '0123456781', 'b4c1a8b2-2d1e-4b7e-9f8d-123456789abc', 0);
INSERT INTO `Suppliers` (`Id`, `Name`, `TaxCode`, `ContactPerson`, `Email`, `PhoneNumber`, `OfficeAddress`) VALUES ('6314e7cc-8460-47c8-82e8-23d8ed9706dd', 'Công ty x', '193i19idjak', 'Không biết', 'ctyX@library.com', '01918332837', 'Ho Chi Minh City');
INSERT INTO `Suppliers` (`Id`, `Name`, `TaxCode`, `ContactPerson`, `Email`, `PhoneNumber`, `OfficeAddress`) VALUES ('131dbfc0-8bdf-478c-8566-300cc33eb2a3', 'Công ty Cổ phần Văn hóa Phương Nam', '0302511333', 'Trần Thị B - Quản lý cung ứng', 'mockemail@phuongnambook.com', '1900665090', '940 Đường 3/2, Quận 11, TP. Hồ Chí Minh');
INSERT INTO `Suppliers` (`Id`, `Name`, `TaxCode`, `ContactPerson`, `Email`, `PhoneNumber`, `OfficeAddress`) VALUES ('5b0a8f9c-0bac-4131-9486-8baed5ec0d59', 'Nhã Nam', NULL, 'Liên hệ Nhã Nam', 'bookstore@nhanam.vn', NULL, NULL);
INSERT INTO `Suppliers` (`Id`, `Name`, `TaxCode`, `ContactPerson`, `Email`, `PhoneNumber`, `OfficeAddress`) VALUES ('659062d3-890a-478d-8b3e-b34e40cddd8b', 'Á Đông', NULL, 'Liên hệ Á Đông', 'contact@adong.com', NULL, NULL);
INSERT INTO `Suppliers` (`Id`, `Name`, `TaxCode`, `ContactPerson`, `Email`, `PhoneNumber`, `OfficeAddress`) VALUES ('6e4d8144-2df3-4020-b565-bc664fc3816e', 'Công ty Cổ phần Phát hành Sách TP.HCM - FAHASA', '0304132047', 'Nguyễn Văn A - Trưởng phòng Kinh doanh', 'info@fahasa.com.vn', '02838225446', '60-62 Lê Lợi, Quận 1, TP. Hồ Chí Minh');

-- Indexes
CREATE UNIQUE INDEX `IX_Accounts_Username` ON `Accounts` (`Username`);
CREATE INDEX `IX_AuditLogs_Timestamp` ON `AuditLogs` (`Timestamp`);
CREATE UNIQUE INDEX `IX_BookItems_Barcode` ON `BookItems` (`Barcode`);
CREATE INDEX `IX_BookItems_BookId` ON `BookItems` (`BookId`);
CREATE INDEX `IX_Books_CategoryId` ON `Books` (`CategoryId`);
CREATE UNIQUE INDEX `IX_Books_ISBN` ON `Books` (`ISBN`);
CREATE INDEX `IX_Books_PublisherId` ON `Books` (`PublisherId`);
CREATE INDEX `IX_Books_SupplierId` ON `Books` (`SupplierId`);
CREATE UNIQUE INDEX `IX_Categories_Name` ON `Categories` (`Name`);
CREATE INDEX `IX_Categories_ParentCategoryId` ON `Categories` (`ParentCategoryId`);
CREATE INDEX `IX_FinePayments_LoanDetailId` ON `FinePayments` (`LoanDetailId`);
CREATE INDEX `IX_LoanDetails_BookItemId` ON `LoanDetails` (`BookItemId`);
CREATE INDEX `IX_LoanDetails_LoanId` ON `LoanDetails` (`LoanId`);
CREATE INDEX `IX_Loans_IssuedByStaffId` ON `Loans` (`IssuedByStaffId`);
CREATE INDEX `IX_Loans_ReaderId` ON `Loans` (`ReaderId`);
CREATE UNIQUE INDEX `IX_Readers_AccountId` ON `Readers` (`AccountId`);
CREATE UNIQUE INDEX `IX_Readers_LibraryCardNumber` ON `Readers` (`LibraryCardNumber`);
CREATE INDEX `IX_Reservations_BookItemId` ON `Reservations` (`BookItemId`);
CREATE INDEX `IX_Reservations_ReaderId` ON `Reservations` (`ReaderId`);
CREATE UNIQUE INDEX `IX_Staffs_AccountId` ON `Staffs` (`AccountId`);
CREATE UNIQUE INDEX `IX_Staffs_StaffCode` ON `Staffs` (`StaffCode`);

-- Defaults
ALTER TABLE `FinePayments` ALTER COLUMN `PaidCurrency` SET DEFAULT 'VND';
ALTER TABLE `LoanDetails` ALTER COLUMN `FineCurrency` SET DEFAULT 'VND';

-- Foreign keys
ALTER TABLE `BookItems` ADD CONSTRAINT `FK_BookItems_Books_BookId` FOREIGN KEY (`BookId`) REFERENCES `Books` (`Id`) ON DELETE CASCADE;
ALTER TABLE `Books` ADD CONSTRAINT `FK_Books_Categories_CategoryId` FOREIGN KEY (`CategoryId`) REFERENCES `Categories` (`Id`);
ALTER TABLE `Books` ADD CONSTRAINT `FK_Books_Publishers_PublisherId` FOREIGN KEY (`PublisherId`) REFERENCES `Publishers` (`Id`) ON DELETE SET NULL;
ALTER TABLE `Books` ADD CONSTRAINT `FK_Books_Suppliers_SupplierId` FOREIGN KEY (`SupplierId`) REFERENCES `Suppliers` (`Id`);
ALTER TABLE `Categories` ADD CONSTRAINT `FK_Categories_Categories_ParentCategoryId` FOREIGN KEY (`ParentCategoryId`) REFERENCES `Categories` (`Id`);
ALTER TABLE `FinePayments` ADD CONSTRAINT `FK_FinePayments_LoanDetails_LoanDetailId` FOREIGN KEY (`LoanDetailId`) REFERENCES `LoanDetails` (`Id`);
ALTER TABLE `LoanDetails` ADD CONSTRAINT `FK_LoanDetails_BookItems_BookItemId` FOREIGN KEY (`BookItemId`) REFERENCES `BookItems` (`Id`);
ALTER TABLE `LoanDetails` ADD CONSTRAINT `FK_LoanDetails_Loans_LoanId` FOREIGN KEY (`LoanId`) REFERENCES `Loans` (`Id`) ON DELETE CASCADE;
ALTER TABLE `Loans` ADD CONSTRAINT `FK_Loans_Readers_ReaderId` FOREIGN KEY (`ReaderId`) REFERENCES `Readers` (`Id`);
ALTER TABLE `Loans` ADD CONSTRAINT `FK_Loans_Staffs_IssuedByStaffId` FOREIGN KEY (`IssuedByStaffId`) REFERENCES `Staffs` (`Id`);
ALTER TABLE `Readers` ADD CONSTRAINT `FK_Readers_Accounts_AccountId` FOREIGN KEY (`AccountId`) REFERENCES `Accounts` (`Id`) ON DELETE CASCADE;
ALTER TABLE `Reservations` ADD CONSTRAINT `FK_Reservations_BookItems_BookItemId` FOREIGN KEY (`BookItemId`) REFERENCES `BookItems` (`Id`);
ALTER TABLE `Reservations` ADD CONSTRAINT `FK_Reservations_Readers_ReaderId` FOREIGN KEY (`ReaderId`) REFERENCES `Readers` (`Id`);
ALTER TABLE `Staffs` ADD CONSTRAINT `FK_Staffs_Accounts_AccountId` FOREIGN KEY (`AccountId`) REFERENCES `Accounts` (`Id`) ON DELETE CASCADE;
SET FOREIGN_KEY_CHECKS = 1;
